-20,765,В,2
-20,762,З,2
-9,756,ЮЗ,3
-6,751,ЮЗ,2
-1,753,З,1
-4,765,Ю,3
-8,765,Ю,1
-9,762,Ю,3
-15,759,В,2
-13,753,В,4
-9,751,Ю,3
-11,750,В,3
-8,753,В,1
-4,742,Ю,2
-1,735,В,2
-1,741,ЮВ,3
-4,749,Ю,1
-6,753,С,1
-7,753,В,1
-11,753,ЮВ,1
-12,756,В,1
-6,756,В,1
-3,756,З,4
-1,759,З,1
-6,760,З,2
-10,773,В,2
-14,774,ЮЗ,3
-12,762,ЮЗ,3
-3,760,ЮЗ,1
-5,763,ЮЗ,1
-4,758,ЮЗ,4
-6,746,ЮЗ,4
-13,744,В,2
-10,741,ЮЗ,2
-11,750,З,2
-14,751,ЮЗ,3
-13,746,ЮВ,2
-8,735,СЗ,2
-8,740,СЗ,4
-7,750,З,3
1,734,ЮЗ,4
3,739,ЮЗ,3
0,741,ЮЗ,4
0,728,ЮЗ,3
2,744,З,3
2,741,ЮЗ,3
2,738,ЮЗ,3
3,743,Ю,3
2,738,В,3
2,736,Ю,2
1,735,В,1
1,744,З,3
1,750,ЮЗ,5
2,747,ЮЗ,4
2,742,З,2
1,753,С,2
-2,752,СВ,3
0,752,С,2
0,751,ЮВ,2
3,746,Ю,2
4,741,В,1
0,738,В,1
2,735,ЮЗ,3
0,737,В,2
4,741,ЮВ,1
4,746,ЮЗ,4
5,741,ЮЗ,4
2,738,З,1
3,748,Ю,1
4,745,ЮВ,2
10,744,В,2
15,738,В,3
12,746,ЮЗ,2
8,756,З,2
9,759,С,2
7,754,С,4
10,753,С,2
11,752,СВ,4
10,749,СВ,3
15,748,СВ,4
17,746,СВ,2
17,747,В,2
20,753,ЮЗ,2
20,755,Ю,3
19,755,Ю,3
20,753,Ю,3
21,752,Ю,2
22,750,Ю,3
21,747,ЮЗ,2
20,747,С,2
9,743,В,4
8,747,В,3
8,758,В,2
11,759,ЮВ,3
12,756,ЮВ,4
12,753,ЮВ,2
15,748,З,2
19,746,Ю,2
18,742,З,2
9,746,СЗ,3
4,742,С,2
13,750,ЮЗ,3
16,752,ЮЗ,3
14,755,СЗ,4
15,752,З,1
17,752,СЗ,2
20,754,З,2
21,752,З,2
14,751,СВ,4
13,754,С,4
15,755,СВ,2
17,752,З,1
19,746,З,2
20,742,З,2
20,741,С,3
19,746,З,2
20,751,З,2
24,748,В,3
24,745,С,2
21,744,ЮЗ,3
12,738,В,1
10,741,ЮЗ,4
13,749,З,3
21,749,ЮЗ,3
22,751,З,1
27,752,ЮЗ,3
29,752,ЮЗ,2
29,750,ЮЗ,1
29,748,ЮЗ,1
18,751,С,4
20,748,В,2
25,744,З,2
22,739,СЗ,2
17,744,С,2
10,742,С,3
11,738,СЗ,2
19,740,З,2
12,740,СВ,1
16,742,З,2
13,747,З,1
19,746,З,1
16,739,ЮЗ,3
14,743,СЗ,3
12,744,С,3
9,749,С,3
14,748,ЮЗ,4
21,741,ЮЗ,4
20,746,ЮЗ,2
28,747,З,2
27,747,В,1
26,745,С,1
27,744,С,3
30,745,ЮВ,1
27,744,З,1
27,745,С,1
23,747,СВ,3
26,747,СВ,3
31,742,В,3
25,741,ЮЗ,2
22,740,СВ,2
17,738,В,1
20,740,З,2
20,745,СЗ,3
23,747,СЗ,2
21,744,ЮЗ,2
21,739,В,1
19,738,З,1
21,738,С,2
23,739,СВ,2
24,738,В,2
27,741,ЮВ,1
28,743,Ю,3
24,746,СВ,1
26,743,С,2
26,744,Ю,3
28,744,ЮЗ,2
21,742,Ю,2
23,744,СЗ,2
27,748,З,2
30,748,СЗ,2
32,746,С,1
32,746,С,2
31,748,В,3
31,747,В,2
31,744,В,1
25,747,Ю,1
28,748,С,2
32,749,СВ,1
31,749,В,1
27,746,С,2
26,745,С,1
15,741,СВ,3
24,744,З,1
21,747,ЮЗ,4
23,749,З,2
23,750,ЮЗ,2
24,747,ЮЗ,1
25,747,З,3
23,742,С,2
24,744,З,2
21,738,ЮЗ,3
17,736,СЗ,1
13,743,ЮЗ,3
20,748,З,2
23,749,З,3
30,749,ЮЗ,3
31,750,З,1
33,751,З,1
33,751,ЮЗ,1
33,750,З,1
32,752,С,2
33,747,Ю,1
35,744,Ю,1
23,747,СЗ,2
27,746,Ю,1
25,747,З,1
27,750,З,2
28,750,ЮВ,2
30,746,ЮЗ,3
22,740,ЮЗ,5
19,744,З,3
25,744,ЮЗ,3
24,740,Ю,4
18,733,ЮЗ,5
13,741,З,3
15,749,З,5
14,751,З,2
20,753,З,2
26,753,З,3
29,753,ЮЗ,2
30,753,Ю,2
29,748,ЮЗ,3
29,744,ЮЗ,2
18,747,С,2
16,747,В,3
13,741,В,3
15,741,ЮЗ,1
15,742,Ю,1
11,734,В,2
8,746,С,3
10,753,С,2
12,757,СЗ,2
14,760,В,1
14,762,СВ,2
14,763,В,2
15,762,В,2
15,759,В,2
15,757,В,1
10,751,С,3
6,753,С,2
7,752,ЮВ,1
14,747,ЮЗ,4
14,749,ЮЗ,3
15,752,Ю,2
17,753,Ю,1
20,754,ЮЗ,3
21,756,Ю,2
21,756,Ю,2
21,748,З,1
9,746,С,3
6,752,З,3
7,744,ЮЗ,4
12,741,З,2
12,745,З,4
13,742,ЮЗ,4
10,749,СЗ,2
11,752,ЮЗ,1
10,753,Ю,2
7,749,ЮЗ,2
8,747,Ю,2
8,748,С,2
9,756,З,2
11,756,З,2
11,756,З,3
8,762,С,2
9,758,ЮЗ,3
8,759,ЮЗ,2
9,760,ЮЗ,2
11,762,ЮЗ,1
13,762,Ю,1
13,759,ЮЗ,3
11,754,Ю,2
6,749,СЗ,2
4,751,З,4
6,746,Ю,4
2,743,СЗ,2
-1,754,С,2
-1,755,СЗ,2
2,762,З,2
5,757,З,4
4,759,З,2
7,758,З,3
7,761,ЮЗ,2
6,753,В,2
4,748,Ю,2
6,746,ЮЗ,2
7,745,Ю,5
1,744,ЮЗ,5
0,741,ЮЗ,3
4,735,ЮЗ,4
7,743,Ю,3
10,743,В,4
4,752,В,1
1,759,ЮЗ,2
0,749,ЮВ,2
1,743,З,1
1,753,ЮЗ,3
2,760,ЮЗ,2
3,765,СВ,2
1,762,В,3
1,762,В,2
0,760,Ю,2
2,758,З,1
2,754,Ю,3
4,753,Ю,2
5,750,В,2
3,751,В,2
0,753,В,1
0,761,С,2
-3,754,З,3
-4,759,С,3
-8,761,СЗ,1
-9,759,С,2
-7,763,СВ,2
-12,761,В,1
-9,760,В,3
-9,763,В,3
-9,762,З,1
-8,752,ЮЗ,2
-8,759,ЮЗ,2
-8,756,Ю,2
-10,747,Ю,2
-8,740,Ю,2
-14,745,З,2
-16,747,В,2
-12,748,ЮВ,1
-15,748,З,1
-16,751,З,2
-15,756,Ю,2
-13,745,ЮВ,2
-16,747,В,2
-20,750,С,3
-18,751,З,1
-16,749,Ю,2
-4,746,ЮЗ,3
-2,753,ЮЗ,1
-5,748,Ю,2
-4,757,С,3
-7,756,В,5
-7,753,Ю,2
-7,763,ЮЗ,1
-7,759,Ю,3
-7,753,В,3
-4,754,Ю,1
-6,756,В,1
-4,755,В,1
-5,754,ЮЗ,1
-9,751,В,2
-8,753,В,2
-6,753,СЗ,1
-8,754,З,1
-8,747,З,2
-8,748,ЮЗ,4
-5,741,З,3
-7,744,В,2
-17,747,СЗ,2
-6,756,ЮЗ,2
-8,755,В,2
-4,754,В,3
-5,754,ЮВ,2
-5,751,ЮВ,3
-2,756,В,2
-2,756,В,3
-3,756,В,2
-3,755,В,1
-3,756,В,2
-3,762,В,3
-8,767,В,3
-8,761,В,3
-7,759,В,1
-4,760,В,1
-5,757,В,2
-5,754,ЮВ,1
-5,753,ЮВ,2
-3,750,В,3
1,745,В,4
-1,742,В,5
-1,750,Ю,1
1,750,СЗ,2
-2,756,СВ,1
-3,757,В,2
-3,751,В,5
1,741,ЮЗ,2
1,747,Ю,3
1,747,В,1
0,750,З,3
-1,751,С,2
-2,755,С,2
2,757,С,2
1,753,З,1
2,752,З,1
2,753,З,1
3,745,Ю,2
1,727,Ю,3
-1,737,ЮЗ,3
-1,744,В,3
5,741,СЗ,1
7,743,В,2
12,754,ЮВ,1
11,759,ЮВ,1
16,761,ЮВ,1
16,756,ЮЗ,4
16,749,ЮЗ,4
6,741,ЮЗ,2
1,741,СЗ,4
1,740,СВ,1
2,747,СЗ,3
4,747,ЮЗ,1
4,738,З,4
1,751,СЗ,3
0,755,С,3
2,755,С,4
6,753,С,5
7,755,СЗ,3
9,752,СЗ,2
9,751,Ю,1
12,750,Ю,3
14,748,ЮЗ,4
3,750,СВ,3
16,742,Ю,7
3,738,С,3
4,738,СЗ,2
0,742,З,2
4,744,З,3
9,750,ЮЗ,2
8,749,С,4
10,750,СЗ,2
21,747,З,3
23,750,З,2
24,746,ЮЗ,5
26,743,ЮЗ,2
12,743,С,3
13,749,С,3
19,749,СЗ,3
21,749,ЮЗ,4
24,749,ЮЗ,2
23,750,Ю,2
22,745,ЮВ,4
25,743,В,1
20,743,В,3
24,747,С,2
24,750,З,3
21,750,ЮВ,1
21,744,В,2
19,743,ЮЗ,2
15,744,З,3
12,743,З,3
10,747,З,2
11,750,ЮЗ,2
12,746,СЗ,3
19,747,С,3
16,747,З,4
16,751,С,2
17,751,Ю,2
23,744,Ю,4
11,738,ЮВ,4
18,743,ЮЗ,2
22,747,С,2
24,751,ЮЗ,1
25,753,В,2
28,750,СЗ,2
23,749,С,4
22,751,С,3
27,746,З,4
28,746,ЮЗ,5
30,744,Ю,5
26,745,СЗ,2
28,743,С,2
24,747,З,2
25,751,ЮЗ,3
30,752,З,2
26,754,СЗ,2
28,753,З,2
35,750,В,2
35,750,З,2
36,748,ЮВ,2
34,747,В,3
29,750,З,3
28,747,Ю,2
19,749,СЗ,3
23,752,З,2
30,752,ЮЗ,2
31,753,З,1
27,753,В,2
23,754,СВ,2
23,754,В,2
26,753,С,3
25,755,СВ,2
27,754,З,3
28,747,З,5
21,751,С,2
20,752,СЗ,3
24,747,СЗ,3
25,737,З,4
20,728,В,2
18,737,СЗ,2
18,737,В,1
14,738,З,3
22,748,СЗ,4
25,749,ЮЗ,2
28,747,СЗ,1
29,748,СВ,2
29,748,З,2
31,748,В,2
32,748,С,2
29,749,С,2
29,749,З,1
31,745,З,3
31,745,СЗ,2
30,746,С,3
31,747,В,2
27,742,СВ,2
20,746,З,1
26,747,ЮЗ,4
27,746,З,2
30,745,СЗ,2
30,746,Ю,2
30,747,ЮВ,1
33,745,СВ,1
29,745,ЮЗ,1
24,742,В,1
27,743,СЗ,2
25,746,СВ,2
26,747,З,1
29,746,З,2
24,741,СВ,1
20,742,С,4
19,745,С,3
16,746,СЗ,1
16,747,З,1
20,747,З,2
25,748,З,2
28,750,В,1
21,749,ЮВ,1
19,744,З,3
23,745,З,4
23,744,З,3
23,747,З,3
29,748,ЮЗ,4
31,748,З,1
25,747,Ю,2
25,743,С,2
15,745,В,1
20,742,ЮЗ,2
20,746,С,2
21,747,С,2
22,744,З,2
23,746,С,2
21,747,З,1
23,745,З,2
21,747,СЗ,1
23,751,СВ,2
23,757,В,1
26,756,С,1
27,756,З,2
27,756,В,2
26,755,В,2
28,755,В,1
28,757,В,2
28,758,З,1
26,757,СЗ,2
19,752,СЗ,3
21,749,В,1
21,750,СВ,2
25,750,В,1
21,750,С,1
17,752,С,2
17,753,ЮВ,1
15,747,Ю,2
13,747,В,1
14,750,СЗ,3
18,749,ЮЗ,3
18,744,ЮЗ,2
17,741,З,2
13,744,Ю,1
17,751,З,2
15,750,ЮЗ,2
13,747,ЮЗ,3
13,741,В,2
9,744,С,2
12,746,Ю,5
11,748,ЮЗ,3
12,753,С,1
11,748,Ю,2
12,744,З,5
8,752,СЗ,2
11,754,ЮЗ,3
17,749,ЮЗ,6
9,751,СЗ,3
10,757,З,2
10,756,ЮВ,3
18,753,Ю,2
20,754,ЮВ,2
19,757,Ю,2
17,758,З,1
18,756,Ю,2
18,756,Ю,1
21,756,Ю,2
17,756,З,1
10,757,СВ,1
11,760,В,2
7,759,В,2
3,753,С,4
3,757,ЮЗ,2
6,751,Ю,3
3,743,ЮВ,2
6,742,ЮЗ,3
1,749,З,3
0,750,З,3
-1,753,СВ,2
-3,754,С,2
-4,754,СВ,2
-3,757,СВ,1
0,761,СВ,1
-3,763,В,1
-1,765,С,2
-1,760,ЮЗ,3
0,759,В,2
3,758,ЮВ,2
4,761,В,3
2,764,В,3
1,762,В,2
1,759,В,3
0,757,В,4
0,750,ЮВ,2
1,747,В,1
1,747,СЗ,1
0,738,ЮВ,2
1,750,ЮЗ,2
3,747,Ю,2
3,745,Ю,1
4,748,ЮЗ,2
5,751,ЮЗ,1
7,752,ЮЗ,2
3,753,Ю,2
3,758,СЗ,1
1,762,Ю,2
1,755,З,4
0,752,З,3
-3,759,СВ,3
-8,763,С,1
-12,766,В,2
-9,765,З,3
-8,760,З,3
-10,762,В,1
-10,758,В,2
-9,747,В,1
-11,747,С,1
-23,754,С,2
-24,755,СЗ,1
-13,751,СВ,2
-15,755,СВ,1
-11,755,В,3
-7,753,ЮВ,1
-9,761,Ю,3
-4,756,Ю,3
-2,740,ЮВ,5
1,744,ЮЗ,4
-2,742,В,2
-2,741,ЮВ,2
-2,746,ЮВ,2
-4,745,В,3
-5,743,В,2
-3,734,В,1
-17,743,СЗ,2
-19,757,С,1
-17,767,СЗ,2
-20,766,В,2
-8,761,Ю,1
-14,756,ЮЗ,1
-11,752,ЮЗ,2
-7,747,З,3
-8,751,СЗ,2
-18,770,З,2
-17,769,В,1
-17,770,В,1
-14,761,В,2
-7,761,В,4
-12,762,В,3
-14,749,В,2
-15,748,В,1
-16,750,В,4
-7,757,В,1
-5,758,ЮВ,3
-7,759,В,3
-11,764,В,3
-9,772,В,2
-10,767,СЗ,1
-11,767,З,1
-13,767,В,2
-14,770,В,4
-15,774,ЮВ,2
-16,776,ЮВ,2
-12,776,В,1
-10,773,З,1
-10,764,В,3
-10,752,ЮВ,3
-7,740,В,2
-6,740,СЗ,4
-9,751,З,1
-11,746,З,3
-4,745,З,2
-12,743,В,3
-9,743,В,4
-7,743,В,3
-5,746,СВ,2
-3,755,ЮЗ,2
-6,755,СЗ,2
-8,758,В,1
-6,755,В,3
-4,752,В,1
-4,750,ЮВ,2
0,747,ЮЗ,2
-5,753,В,2
-4,749,В,2
-3,740,С,1
-6,749,СЗ,2
-4,751,ЮЗ,2
-3,746,З,4
-1,751,Ю,2
0,737,ЮЗ,4
0,738,З,2
0,742,ЮЗ,4
1,738,ЮЗ,3
-5,746,З,3
-4,754,ЮЗ,2
-7,755,З,4
-2,746,ЮЗ,2
3,746,ЮЗ,1
3,741,З,3
2,744,СЗ,4
1,749,ЮЗ,4
0,749,С,2
0,758,СЗ,3
1,758,З,5
4,758,Ю,2
5,758,В,2
5,757,В,2
8,757,ЮВ,2
10,757,В,3
9,759,ЮВ,2
8,758,С,2
12,757,СВ,2
11,756,СВ,2
12,755,СВ,3
4,759,В,3
4,761,В,3
6,758,В,2
9,755,В,3
9,754,С,3
12,753,СВ,3
9,752,СЗ,2
8,749,СЗ,3
11,752,ЮЗ,2
13,751,З,2
17,752,Ю,3
13,748,ЮЗ,1
17,749,СЗ,3
20,750,ЮЗ,3
21,751,ЮВ,2
23,747,Ю,4
18,748,З,4
14,758,ЮЗ,3
17,752,ЮЗ,3
11,749,С,3
5,750,СВ,2
11,749,СЗ,5
15,747,З,4
17,751,ЮЗ,2
17,752,Ю,3
20,753,З,3
21,754,З,2
26,755,ЮЗ,3
28,754,З,1
29,752,СЗ,2
30,751,З,2
27,753,СВ,3
26,751,В,3
24,752,В,4
24,755,В,3
25,755,ЮВ,2
22,754,ЮВ,2
25,751,ЮВ,6
20,752,В,3
26,750,ЮВ,2
26,747,СЗ,1
21,746,СВ,2
22,746,С,2
20,749,СВ,4
18,754,ЮВ,2
21,749,ЮЗ,3
24,746,З,2
26,743,ЮВ,1
24,741,ЮВ,2
19,737,ЮВ,2
15,738,ЮЗ,4
13,739,ЮЗ,3
13,747,СЗ,2
20,752,В,2
23,754,З,2
26,754,ЮЗ,2
28,754,СЗ,1
31,740,З,2
33,748,ЮЗ,3
30,743,ЮЗ,2
20,749,С,2
22,750,СЗ,2
25,748,ЮЗ,2
29,746,ЮЗ,3
19,748,СВ,2
22,749,С,1
27,749,З,4
34,745,З,4
24,744,СЗ,1
27,748,С,3
29,745,С,1
27,740,СЗ,3
22,743,СЗ,2
20,748,С,3
25,754,С,2
26,755,С,2
28,753,С,2
32,750,В,2
33,749,З,2
35,749,СЗ,1
35,749,З,2
36,750,В,1
36,747,В,2
30,747,С,3
25,748,В,1
27,749,В,2
27,750,ЮВ,2
29,749,В,3
30,746,СЗ,2
31,746,СВ,3
30,747,СВ,2
31,746,В,2
32,749,В,2
34,749,З,2
35,749,З,3
36,748,З,2
33,746,СВ,3
27,745,С,3
26,745,СВ,4
26,745,С,3
31,746,СВ,5
35,744,С,3
35,745,З,2
28,749,В,2
29,752,ЮЗ,3
34,750,ЮЗ,3
35,750,СВ,1
35,751,З,2
37,749,СВ,1
36,749,ЮВ,2
38,752,С,2
35,754,В,1
36,752,СЗ,2
38,752,В,2
38,751,Ю,1
38,752,З,1
39,752,ЮЗ,2
40,751,СЗ,2
38,749,В,2
36,749,СВ,1
35,752,СВ,1
36,753,ЮВ,2
37,752,З,1
37,751,С,3
34,752,СВ,3
35,752,В,2
34,752,ЮЗ,1
36,752,ЮВ,2
36,751,ЮВ,2
32,752,СВ,3
27,752,С,3
29,749,З,2
29,746,СЗ,4
29,746,З,3
31,739,ЮЗ,4
27,737,ЮЗ,5
12,742,С,4
18,748,СЗ,3
25,743,З,3
23,743,З,2
27,743,З,3
31,741,ЮЗ,1
23,743,ЮЗ,2
24,745,З,2
32,742,ЮЗ,4
28,741,СЗ,3
20,750,СВ,1
19,755,В,2
29,752,В,6
29,750,СВ,2
23,753,З,2
19,753,С,1
19,747,С,3
13,751,СЗ,4
15,755,СЗ,1
17,754,СВ,3
18,755,З,3
17,758,СВ,2
20,755,З,2
15,753,В,2
17,757,В,2
19,757,З,2
23,755,З,3
25,753,ЮЗ,3
25,753,Ю,2
25,752,ЮЗ,3
26,753,ЮЗ,4
26,752,З,2
24,752,В,2
16,747,ЮВ,2
12,746,СЗ,2
13,745,С,3
19,752,З,2
20,750,З,3
20,747,ЮЗ,2
21,740,З,3
6,746,СЗ,2
7,746,СВ,3
9,751,СВ,3
6,758,З,2
5,761,СЗ,2
3,761,СВ,1
5,761,СВ,1
11,760,З,2
13,761,СЗ,1
14,757,В,1
14,751,З,1
14,745,Ю,3
14,736,ЮВ,2
4,732,ЮЗ,3
2,738,З,4
6,745,ЮЗ,3
10,746,З,3
5,753,СЗ,2
7,758,З,2
5,761,СВ,1
7,764,ЮВ,2
1,754,В,4
6,749,Ю,2
8,756,ЮЗ,4
8,760,Ю,1
8,758,В,1
8,758,ЮЗ,2
8,752,Ю,2
7,744,В,2
3,744,З,3
1,749,ЮЗ,2
1,755,СВ,2
0,755,С,2
3,750,З,2
6,752,З,1
8,750,Ю,2
8,739,З,3
4,735,СЗ,2
2,739,СВ,1
5,754,Ю,1
3,755,ЮВ,2
7,755,ЮВ,1
8,750,Ю,2
6,746,Ю,1
8,740,ЮЗ,3
9,741,З,4
7,754,З,2
13,752,З,4
1,766,В,2
1,765,В,2
1,755,ЮЗ,2
-5,758,В,3
-4,752,Ю,2
2,749,Ю,2
8,743,ЮЗ,3
3,744,З,3
-1,746,В,3
-1,740,СЗ,4
-2,752,З,2
1,728,В,4
-17,741,СЗ,4
-19,756,СЗ,1
-16,767,ЮВ,1
-7,761,ЮВ,4
-2,752,Ю,1
0,745,ЮВ,2
-4,753,Ю,2
-1,750,ЮВ,1
0,747,В,3
2,746,В,4
-3,749,В,3
-3,746,В,4
-2,745,ЮВ,2
-3,749,ЮЗ,2
-5,751,ЮЗ,5
-11,752,СВ,1
-11,755,В,2
-12,754,ЮВ,4
-5,756,В,3
-10,757,В,1
2,749,ЮВ,1
3,749,Ю,1
-5,760,В,2
1,761,В,5
-2,756,ЮВ,3
-6,753,ЮВ,3
-6,751,ЮВ,3
-8,755,ЮВ,3
-11,760,В,2
-6,756,ЮВ,2
-8,764,СВ,1
-12,769,В,1
-15,767,В,2
-15,767,ЮВ,1
-13,765,З,2
-12,761,ЮЗ,2
-8,761,З,1
-11,759,ЮВ,1
10,756,В,3
-5,755,В,3
-9,754,В,4
-9,754,В,5
-14,756,СВ,3
-13,756,В,2
-14,758,З,1
-17,759,С,1
-16,761,В,2
-14,759,ЮВ,3
-10,749,ЮВ,4
-6,749,В,3
-5,749,СЗ,1
-11,750,З,2
-10,743,З,3
-7,737,ЮЗ,4
-7,745,З,3
-10,749,З,1
-11,747,СЗ,1
-14,750,ЮЗ,2
-7,748,З,2
-5,740,Ю,3
-5,728,СВ,2
-5,733,С,4
-7,741,С,3
-7,730,В,3
-7,731,С,1
-15,740,СЗ,2
-15,746,В,1
-11,740,В,5
-12,737,ЮВ,2
-15,738,В,1
-17,744,СЗ,1
-19,746,ЮЗ,1
-18,751,СВ,2
-18,752,З,2
-17,756,ЮВ,1
-19,764,СЗ,1
-16,768,СЗ,3
-14,773,С,2
-13,776,ЮВ,1
-14,777,ЮВ,1
-13,774,В,1
-13,774,В,1
-10,774,ЮВ,1
-10,761,З,1
-10,758,ЮВ,2
-12,749,Ю,2
-7,737,ЮЗ,3
0,732,З,7
-1,749,Ю,1
-2,756,С,2
-3,761,З,2
-1,763,СЗ,2
-3,761,В,2
-3,750,ЮВ,1
-5,755,Ю,1
0,759,С,1
1,751,ЮЗ,4
1,749,С,1
1,753,СЗ,1
-1,756,В,4
-1,758,Ю,2
-3,760,ЮВ,2
-1,759,ЮВ,2
-2,754,ЮВ,1
1,743,ЮЗ,3
1,730,ЮЗ,5
-3,727,З,5
-2,741,З,5
-3,748,ЮЗ,5
-2,758,З,2
-3,755,Ю,3
2,750,ЮВ,1
5,749,З,4
1,758,СЗ,2
2,764,З,4
3,763,З,3
7,764,З,4
8,761,ЮВ,2
8,752,ЮВ,3
8,741,ЮВ,3
4,735,ЮВ,1
4,734,Ю,2
5,731,ЮЗ,4
7,741,ЮЗ,2
8,746,Ю,2
7,746,С,2
7,738,СЗ,3
5,743,З,2
7,747,В,4
8,746,З,3
11,740,ЮЗ,4
5,737,З,2
5,744,З,3
4,749,С,1
9,752,З,4
15,753,ЮЗ,3
13,750,СЗ,3
15,748,СЗ,3
11,756,З,2
15,760,ЮЗ,1
17,752,З,2
21,748,З,3
21,749,З,2
14,748,ЮВ,2
19,744,В,2
17,739,С,2
14,742,Ю,1
17,746,ЮВ,2
16,753,В,6
18,760,ЮВ,3
23,758,В,3
24,755,ЮВ,2
23,751,З,3
21,746,СВ,2
12,749,С,3
12,748,С,2
14,748,З,2
15,752,СВ,2
20,753,В,3
22,753,ЮЗ,1
21,752,З,2
21,749,З,3
21,752,З,2
26,750,З,3
26,749,С,2
25,749,С,2
22,751,С,3
21,749,Ю,2
22,744,ЮЗ,2
15,744,В,2
15,744,ЮВ,1
21,750,СЗ,3
26,752,ЮЗ,4
25,751,С,4
22,750,С,4
25,747,С,4
27,743,С,3
17,737,ЮЗ,2
15,734,З,4
18,740,СЗ,3
14,746,С,3
17,743,Ю,2
17,741,ЮВ,2
17,738,СЗ,2
17,735,СЗ,1
16,740,З,2
20,744,З,2
19,747,В,2
21,745,ЮВ,1
21,746,С,1
19,745,З,4
19,745,СЗ,4
20,743,ЮВ,3
20,738,В,1
17,738,Ю,1
19,740,З,2
23,742,С,3
20,741,СВ,2
23,744,В,2
27,749,В,2
29,750,В,1
28,749,СВ,2
26,750,В,2
29,749,ЮВ,2
31,747,ЮВ,2
33,746,С,1
33,746,ЮВ,3
29,748,С,1
32,749,ЮВ,2
35,745,З,1
30,743,З,3
21,740,С,1
22,746,СВ,3
24,749,СЗ,3
27,749,СВ,2
26,749,З,3
27,750,СЗ,4
27,751,С,2
28,749,З,2
32,746,З,2
31,747,З,2
30,750,ЮВ,2
27,752,В,2
29,751,В,2
31,752,СВ,2
32,753,СВ,2
36,754,Ю,2
27,753,СЗ,1
34,741,С,3
31,740,З,3
29,739,С,2
21,738,С,1
18,743,Ю,2
21,747,С,3
22,746,В,3
19,741,В,2
22,742,СЗ,4
23,749,СЗ,3
27,751,ЮЗ,2
29,752,ЮЗ,3
32,752,СЗ,2
31,751,В,2
34,748,СВ,2
28,748,В,2
29,747,В,2
33,746,В,2
31,746,В,3
25,746,СВ,3
23,746,СВ,2
22,746,В,2
19,747,В,2
22,746,В,2
14,742,СВ,3
18,744,С,3
13,749,ЮВ,1
18,751,С,3
22,754,З,2
22,752,СЗ,3
20,746,З,2
27,750,З,2
30,750,ЮЗ,1
29,749,З,3
28,746,Ю,3
21,749,СВ,1
19,748,СВ,2
18,737,В,1
13,736,Ю,2
14,738,З,2
20,739,ЮВ,2
16,737,ЮЗ,4
16,740,ЮЗ,3
14,740,Ю,1
17,746,З,3
22,745,СЗ,3
15,746,ЮВ,1
17,746,С,1
15,747,З,2
15,752,СЗ,2
14,752,СЗ,3
10,745,З,2
10,749,СЗ,2
13,748,З,2
20,747,ЮЗ,3
10,743,В,1
11,744,З,6
9,749,СЗ,2
9,749,ЮЗ,2
10,743,З,4
13,749,Ю,1
12,737,ЮЗ,2
7,731,СВ,3
10,737,ЮЗ,1
9,741,СЗ,2
9,744,ЮЗ,2
12,742,СЗ,2
14,749,З,2
16,751,ЮЗ,3
17,756,Ю,3
17,755,ЮВ,2
15,749,Ю,3
17,746,ЮЗ,3
19,739,ЮЗ,3
11,749,З,2
10,754,СЗ,1
6,756,СЗ,2
6,759,З,2
7,759,ЮВ,1
9,755,В,2
12,756,ЮВ,1
15,757,Ю,1
8,755,СЗ,2
8,754,З,2
4,752,СВ,2
4,754,СВ,3
3,757,СВ,2
3,755,С,3
1,758,СЗ,2
1,758,З,3
3,748,З,3
7,746,З,2
7,744,ЮЗ,2
6,751,С,1
5,748,ЮЗ,5
1,746,С,2
-7,755,С,3
-9,758,СВ,3
-5,758,СЗ,3
-3,747,Ю,4
-4,738,В,3
0,750,ЮВ,2
-1,755,СВ,2
-2,757,С,1
-3,760,СЗ,2
-2,751,З,2
-2,740,З,3
-6,744,ЮЗ,3
-6,745,ЮЗ,3
-5,746,С,4
-5,751,ЮЗ,2
0,737,СЗ,3
-4,751,СЗ,4
-7,748,З,3
-12,758,СВ,2
-13,762,З,1
-8,754,ЮЗ,2
-5,755,ЮЗ,2
-9,751,Ю,3
-5,748,Ю,5
-5,751,В,2
-1,746,В,1
-5,749,В,1
-6,754,СВ,2
-4,757,ЮЗ,2
-6,754,ЮЗ,3
-1,750,ЮЗ,4
0,753,ЮЗ,4
-7,755,ЮВ,3
-10,757,ЮВ,2
-7,758,В,2
-12,758,ЮВ,2
-14,755,В,1
-9,747,В,2
-5,757,С,2
-11,763,В,1
-8,762,ЮЗ,2
-9,763,ЮВ,1
-13,763,ЮВ,3
-12,767,ЮВ,3
-11,768,Ю,4
-8,766,ЮВ,3
-7,759,ЮВ,4
-10,755,Ю,2
-9,752,ЮВ,2
-5,750,З,1
-8,748,З,4
0,736,З,2
1,729,СЗ,4
-3,748,СЗ,4
-3,753,ЮЗ,2
-8,752,ЮВ,2
-5,753,В,2
-6,751,В,2
-6,752,В,1
-11,749,Ю,2
-4,749,Ю,2
-1,754,Ю,3
-8,756,ЮВ,2
-10,759,ЮВ,3
-11,758,В,4
-11,753,В,2
-10,750,ЮЗ,1
-10,749,Ю,2
-4,747,Ю,2
-3,749,ЮВ,2
-3,754,В,2
-6,754,ЮВ,3
-4,754,ЮВ,4
-7,758,В,4
-11,762,В,2
-13,764,В,2
-14,769,ЮВ,2
-12,769,В,2
-9,767,В,2
-6,763,В,2
-6,764,В,2
-8,770,В,3
-9,769,СВ,3
-10,765,В,1
-10,767,СЗ,1
-16,766,СВ,2
-17,767,В,4
-19,772,В,3
-19,772,В,2
-19,777,В,1
-15,776,С,2
-14,770,СВ,2
-13,769,В,2
-13,760,В,5
-12,756,В,3
-17,762,ЮВ,2
-14,763,ЮВ,2
-17,764,ЮВ,1
-13,764,В,2
-11,758,ЮВ,4
-10,758,ЮВ,2
-8,758,В,3
-9,760,ЮВ,2
-6,762,СЗ,2
-6,765,СЗ,2
-5,761,З,1
-10,757,Ю,2
-8,756,Ю,2
-8,751,ЮВ,3
-10,746,ЮВ,4
-9,745,В,5
-9,746,В,4
-3,749,В,2
-1,745,ЮВ,2
-3,744,ЮВ,2
-3,740,В,2
-4,736,В,2
-3,741,ЮВ,2
-3,740,С,3
-3,741,В,2
-6,746,В,2
-7,750,В,2
-6,749,ЮВ,2
-13,754,В,2
-10,756,ЮВ,1
-12,755,Ю,2
-11,740,В,3
-5,728,В,3
-1,736,З,2
-3,743,СЗ,2
-6,743,З,3
1,742,З,4
6,747,СЗ,1
0,743,Ю,3
1,737,ЮЗ,5
3,742,СЗ,2
0,742,З,3
-2,740,С,2
-1,747,СЗ,3
-3,747,ЮВ,3
0,732,ЮЗ,3
-3,738,З,3
-2,746,ЮЗ,3
2,741,ЮЗ,5
3,739,ЮВ,3
3,736,Ю,2
4,742,З,3
2,745,ЮЗ,3
4,755,З,3
8,751,Ю,3
3,749,С,1
9,748,ЮВ,2
12,743,ЮВ,3
19,743,ЮВ,2
22,746,ЮВ,2
12,746,З,4
14,750,СВ,2
21,740,Ю,4
17,749,З,3
20,752,СВ,1
25,748,ЮВ,2
29,746,ЮВ,3
25,744,ЮЗ,3
24,745,СВ,2
25,747,В,3
28,747,ЮВ,3
17,746,В,1
25,747,ЮВ,1
22,747,З,3
23,752,СЗ,1
25,751,С,2
25,749,З,1
24,750,СЗ,2
22,748,З,3
6,743,С,2
11,745,С,2
14,740,С,3
13,740,З,2
18,741,З,3
16,751,З,1
21,751,Ю,3
27,752,З,2
27,753,З,2
29,757,З,2
30,758,ЮЗ,3
26,755,С,2
29,746,З,2
24,748,ЮВ,2
21,752,СВ,3
22,754,В,2
21,753,З,1
25,754,В,2
27,758,З,2
27,758,З,1
27,755,С,1
27,752,З,1
26,746,Ю,1
12,749,С,4
15,749,В,3
21,743,В,2
25,741,З,2
18,743,З,3
25,746,З,2
27,749,ЮЗ,2
23,746,ЮВ,1
26,746,З,2
25,746,З,2
20,743,З,5
12,746,З,2
21,749,ЮЗ,2
29,743,В,2
33,741,ЮЗ,3
25,746,З,3
24,749,СЗ,3
20,746,З,1
27,748,З,2
34,743,ЮЗ,3
33,746,ЮЗ,3
31,749,СВ,2
31,743,В,3
26,740,С,3
23,744,СЗ,3
23,743,С,3
21,743,СВ,2
26,743,СВ,2
24,745,С,3
24,747,С,2
26,748,С,2
29,749,Ю,3
30,746,ЮВ,1
29,743,В,2
25,740,СЗ,2
26,746,З,2
24,749,С,3
19,749,СВ,2
25,747,ЮВ,2
28,749,ЮЗ,1
29,750,СЗ,2
27,749,СВ,2
25,747,В,2
25,748,СВ,2
27,749,С,2
30,750,З,2
32,750,В,1
34,748,СЗ,2
31,746,ЮВ,2
29,743,В,2
32,744,З,2
32,745,ЮЗ,2
27,742,Ю,3
19,742,З,6
22,746,ЮЗ,3
23,746,ЮЗ,3
27,746,ЮЗ,3
26,752,З,3
29,753,ЮЗ,3
23,750,З,2
24,750,З,2
24,749,СЗ,1
28,748,ЮЗ,2
25,748,СЗ,3
23,751,С,3
25,750,СВ,3
26,749,СЗ,2
30,749,СЗ,1
32,750,З,3
31,750,С,2
32,749,СЗ,2
33,748,СЗ,2
32,748,С,1
31,750,СЗ,2
33,749,С,1
37,745,З,1
29,745,С,2
22,747,СЗ,2
27,750,СВ,2
30,749,СВ,2
28,750,В,2
28,748,В,3
26,744,З,2
21,746,В,1
26,740,ЮЗ,3
23,745,СЗ,2
25,744,З,2
24,739,З,2
19,738,З,1
22,741,С,2
23,740,З,3
21,744,СЗ,3
20,744,З,1
22,748,СВ,2
25,748,ЮВ,1
28,747,ЮВ,2
24,741,ЮЗ,3
13,745,С,3
12,747,СЗ,2
12,753,С,2
16,751,З,2
18,749,СЗ,1
21,746,ЮВ,1
23,748,З,2
24,743,ЮЗ,2
15,742,СЗ,2
18,743,ЮЗ,3
11,743,З,4
12,747,З,3
14,747,З,2
20,747,СЗ,2
24,749,СЗ,2
26,748,З,3
27,743,З,3
17,749,С,3
18,752,СЗ,3
18,755,СВ,1
19,756,В,2
22,756,В,1
22,755,Ю,2
23,751,ЮВ,2
12,743,ЮЗ,2
14,741,ЮЗ,5
13,748,ЮЗ,2
15,753,С,3
14,757,З,2
14,751,Ю,2
13,743,З,6
10,754,СЗ,4
12,755,С,2
9,756,Ю,1
13,754,Ю,1
9,749,Ю,3
17,749,З,2
21,748,Ю,3
23,744,ЮВ,2
12,746,ЮЗ,3
15,754,З,1
13,750,В,2
10,742,З,2
7,750,СЗ,3
10,758,З,3
10,758,В,2
15,759,ЮЗ,2
17,761,ЮЗ,3
17,756,ЮЗ,4
13,754,З,2
11,747,З,2
1,756,С,2
3,752,В,1
3,748,З,2
4,739,Ю,2
6,753,ЮВ,2
14,747,Ю,4
2,753,В,2
14,750,ЮВ,3
6,756,З,1
1,758,С,1
4,757,З,2
2,754,ЮЗ,3
7,752,ЮЗ,2
11,748,ЮВ,1
6,743,ЮЗ,3
3,748,ЮЗ,2
2,749,СЗ,3
0,760,С,3
-1,761,ЮЗ,2
0,753,ЮЗ,4
1,748,СЗ,3
0,748,З,1
4,737,ЮЗ,5
1,750,С,2
0,758,З,2
1,760,ЮЗ,2
2,762,З,2
2,762,З,2
1,765,З,1
1,764,ЮЗ,3
-1,759,З,2
-2,760,ЮВ,1
-3,754,Ю,2
-1,747,ЮЗ,2
-3,749,СЗ,1
-3,752,В,4
4,749,ЮЗ,1
4,749,В,2
2,749,СЗ,2
2,742,В,4
3,744,С,1
-1,751,СВ,2
1,749,В,3
0,754,В,2
-2,761,В,2
-6,765,В,2
-12,766,В,2
-11,769,В,2
-12,774,В,4
-12,775,СВ,1
-12,777,С,1
-10,768,СВ,2
-14,770,ЮВ,2
-15,774,В,2
-15,776,В,1
-15,772,В,3
-11,763,СВ,2
-15,757,С,1
-22,756,СЗ,3
-18,760,СЗ,2
-9,756,ЮЗ,3
-5,752,ЮЗ,3
2,749,ЮЗ,2
-3,749,Ю,2
-9,746,З,1
-8,748,СЗ,1
-8,750,З,1
-10,756,З,1
-8,751,В,2
-1,744,З,3
-1,746,З,2
-5,748,В,2
-5,752,В,2
-8,752,В,2
-7,745,С,3
-10,747,С,1
-16,753,З,2
-12,746,З,2
-10,746,З,3
-5,749,З,2
-7,753,З,2
-10,753,ЮВ,3
-7,751,ЮВ,3
-5,746,Ю,2
1,743,Ю,1
-3,742,Ю,1
-9,738,З,3
-13,745,З,2
-11,743,СВ,2
-11,743,З,3
-12,756,З,1
-15,760,З,2
-14,761,В,1
-15,759,В,2
-13,757,В,3
-4,749,В,4
-5,743,СЗ,1
-8,747,В,1
-3,754,ЮВ,1
-1,749,ЮВ,3
0,745,ЮЗ,3
-1,754,З,2
-4,761,ЮВ,2
-5,763,ЮВ,2
-5,766,В,2
-6,764,ЮВ,2
-6,762,ЮВ,3
-4,761,ЮВ,2
-4,763,ЮВ,1
-6,765,В,2
-5,762,В,3
-6,757,В,4
-1,753,В,3
-5,750,ЮВ,2
-6,750,ЮВ,2
-9,753,З,2
-8,755,ЮЗ,2
-8,753,З,2
-7,758,СЗ,2
-4,758,ЮЗ,3
-3,759,З,3
-2,758,З,2
-5,741,З,3
-9,743,ЮЗ,6
1,735,ЮЗ,2
1,734,З,4
-7,742,СЗ,3
-10,746,В,4
-9,747,С,2
-14,754,С,3
-2,740,ЮЗ,5
-2,742,СЗ,3
-6,754,З,2
-10,746,В,2
-6,746,СВ,2
-5,740,СВ,2
-4,743,СЗ,2
1,749,СВ,1
0,755,Ю,2
3,748,ЮВ,3
2,748,В,2
3,744,В,3
0,742,ЮЗ,3
1,−,З,2
2,742,ЮЗ,3
-2,749,С,1
-1,751,В,3
5,742,В,3
-2,740,ЮЗ,2
-3,738,ЮЗ,3
-2,744,ЮЗ,3
1,749,ЮЗ,2
-3,754,СЗ,2
2,760,З,2
2,759,Ю,3
3,756,Ю,2
11,755,Ю,2
12,754,ЮВ,2
13,753,В,3
11,751,В,3
18,744,ЮЗ,3
13,740,Ю,1
5,744,З,2
2,745,С,2
8,751,СВ,4
2,749,СЗ,3
2,753,С,1
1,753,СЗ,3
2,755,С,2
9,759,С,2
13,759,З,2
17,753,СЗ,4
18,753,З,3
21,750,ЮЗ,2
23,748,З,3
24,743,ЮЗ,2
17,743,С,2
17,744,С,3
15,744,С,2
12,742,Ю,2
8,737,С,2
13,743,З,4
15,742,СЗ,2
11,747,СЗ,4
15,756,З,2
18,752,СЗ,2
18,754,С,2
20,755,З,3
18,753,СВ,2
25,749,ЮЗ,2
19,743,З,2
13,750,С,4
18,752,С,2
22,751,СЗ,2
23,750,ЮЗ,4
26,745,З,4
23,747,ЮВ,2
27,747,СЗ,1
28,748,ЮВ,1
27,749,СЗ,3
31,750,З,2
27,750,СЗ,3
21,749,СЗ,3
16,751,СВ,3
20,749,З,3
16,745,С,3
15,751,СЗ,2
15,753,ЮВ,2
23,754,ЮВ,3
28,751,Ю,2
29,749,Ю,2
28,748,СЗ,1
29,747,СВ,2
24,750,З,2
27,746,В,3
21,745,ЮВ,2
19,746,В,1
24,745,ЮВ,2
26,745,СВ,2
27,745,СЗ,2
20,744,З,3
19,746,З,3
21,748,СВ,2
24,748,З,2
21,746,С,1
25,748,З,2
29,749,ЮЗ,2
31,748,З,3
21,749,СЗ,1
22,754,СВ,2
24,755,С,1
30,752,З,1
33,749,Ю,2
32,745,Ю,2
26,743,С,2
29,741,ЮЗ,3
23,743,Ю,3
19,748,В,2
25,744,СЗ,2
29,743,СВ,4
30,746,СВ,2
32,748,В,2
31,748,С,2
23,748,В,2
33,744,СЗ,3
27,744,СВ,3
27,747,ЮВ,1
27,747,СВ,2
27,747,С,2
26,750,В,2
29,750,СВ,1
33,750,З,2
32,750,СВ,2
25,748,Ю,1
26,741,З,2
23,738,З,2
24,738,Ю,1
26,741,СЗ,1
28,743,СЗ,3
24,747,СЗ,3
26,749,З,2
29,746,З,3
27,741,ЮВ,1
24,744,СЗ,4
25,745,С,1
28,744,СВ,1
30,741,СЗ,1
23,739,З,2
25,744,З,2
24,742,ЮВ,2
20,740,З,2
20,738,Ю,2
19,737,СВ,2
26,741,З,3
25,742,ЮВ,1
27,741,ЮВ,2
24,737,З,2
19,733,З,1
21,735,СЗ,2
23,740,З,2
26,742,З,2
21,743,СВ,1
28,742,С,2
18,744,С,2
20,744,С,2
23,745,С,2
26,745,СВ,2
29,748,З,1
30,750,З,3
31,750,З,1
33,751,З,3
32,751,Ю,3
29,750,С,1
22,750,С,3
20,750,В,1
24,750,С,2
25,751,СВ,2
27,750,С,1
28,750,СЗ,2
29,748,З,2
27,747,Ю,1
21,744,С,2
17,750,С,3
17,754,С,2
22,753,З,2
23,752,З,2
28,749,Ю,2
20,745,ЮВ,2
18,743,ЮЗ,3
21,745,З,3
22,746,СВ,1
24,744,В,2
20,744,Ю,2
18,752,ЮВ,1
20,750,ЮВ,1
20,748,З,2
14,742,В,1
15,748,СВ,2
18,752,С,1
18,753,СЗ,1
19,754,ЮВ,1
20,753,Ю,1
20,750,В,1
15,749,ЮВ,2
13,750,В,3
14,751,В,3
14,750,В,2
11,747,ЮВ,3
16,745,Ю,1
14,737,Ю,2
12,733,Ю,2
11,733,ЮЗ,2
9,740,З,3
8,744,Ю,1
4,737,З,5
9,744,ЮЗ,3
8,744,З,2
4,747,З,3
5,753,СВ,1
2,753,СВ,2
2,755,СВ,3
3,750,СВ,2
2,751,З,2
12,751,З,4
9,749,З,2
13,754,З,2
12,756,З,3
12,759,ЮЗ,1
12,751,З,3
9,750,З,2
4,748,СЗ,2
6,751,З,3
10,748,ЮЗ,2
11,744,ЮЗ,2
6,752,СВ,1
14,742,ЮВ,1
8,749,СЗ,3
6,749,З,2
4,753,СВ,2
4,762,С,2
4,758,ЮЗ,3
6,750,ЮЗ,3
10,749,З,4
8,745,ЮЗ,3
11,747,ЮЗ,2
10,748,Ю,2
12,749,З,2
9,743,С,3
5,753,З,3
6,754,ЮЗ,1
8,751,ЮЗ,2
9,750,Ю,2
10,751,З,1
12,753,ЮЗ,2
12,753,ЮВ,2
10,749,ЮВ,2
8,755,З,2
8,759,Ю,2
8,760,Ю,2
5,757,З,2
6,756,ЮВ,2
7,747,ЮВ,2
3,743,С,1
1,747,З,2
2,742,ЮЗ,4
3,742,СЗ,5
2,764,СЗ,1
2,766,ЮЗ,3
2,763,ЮВ,1
2,764,В,2
1,760,В,2
1,756,В,1
0,753,В,2
2,749,Ю,3
1,745,З,2
-2,737,ЮЗ,3
1,735,ЮЗ,3
1,743,З,2
-4,747,ЮЗ,1
0,733,ЮЗ,3
-5,743,С,3
-8,744,З,2
-2,738,Ю,4
0,738,З,3
-1,742,Ю,3
-2,743,ЮВ,1
-5,741,З,2
-7,745,ЮЗ,1
-8,755,СВ,1
-10,756,ЮЗ,2
-7,744,ЮЗ,4
-5,731,З,3
-9,741,СЗ,4
-13,751,СЗ,3
-9,753,Ю,1
0,741,З,2
0,748,СЗ,2
-9,759,З,1
-3,756,ЮЗ,3
-2,747,ЮЗ,1
0,750,ЮЗ,2
0,746,З,3
2,756,З,2
-2,759,ЮЗ,2
-6,761,З,1
-8,763,ЮЗ,1
-5,762,Ю,1
-4,757,ЮЗ,1
-2,753,З,1
0,759,З,1
-1,758,З,1
-3,762,С,1
-8,765,В,3
-10,763,ЮВ,1
-12,759,Ю,2
-6,755,Ю,1
-3,751,Ю,2
0,745,З,2
0,742,З,1
1,735,Ю,3
0,739,ЮЗ,2
1,736,Ю,3
0,740,ЮЗ,2
-9,750,З,3
-10,753,В,2
-4,740,З,4
-11,747,З,3
-18,747,С,2
-19,755,СЗ,3
-12,759,З,2
-13,758,В,1
-15,752,В,3
-10,750,В,4
-12,752,В,3
-17,754,СЗ,2
-17,756,З,2
-22,759,С,2
-27,766,С,2
-23,773,СЗ,2
-17,774,З,1
-20,775,В,2
-19,775,ЮЗ,1
-16,761,З,3
-12,747,Ю,1
-16,750,С,2
-15,754,С,1
-19,758,ЮВ,2
-15,759,ЮВ,2
-13,761,В,2
-15,761,В,2
-13,760,ЮВ,2
-9,754,Ю,2
-1,753,Ю,1
1,754,Ю,2
-3,754,ЮВ,2
-4,753,ЮВ,1
-5,748,Ю,2
-3,739,Ю,1
1,737,З,3
0,741,З,1
-3,746,С,2
-16,762,СВ,2
-17,769,Ю,2
-15,769,ЮЗ,2
-9,769,З,2
-4,766,ЮЗ,2
1,762,З,1
-7,759,В,2
-3,759,В,2
-4,759,В,2
-6,757,В,2
-5,756,ЮВ,2
-4,755,З,1
1,757,СЗ,2
1,764,СЗ,3
-1,762,З,3
-2,760,З,2
1,758,З,3
4,749,ЮЗ,3
2,745,СВ,2
3,737,СЗ,3
4,741,З,2
5,741,ЮЗ,3
5,735,Ю,4
2,734,ЮВ,1
0,725,З,3
2,737,З,5
1,740,С,1
1,753,С,2
5,748,ЮЗ,4
9,751,З,2
11,755,ЮЗ,2
9,755,Ю,3
13,752,ЮЗ,2
4,756,СВ,2
7,740,З,3
2,740,СВ,3
3,738,СВ,4
2,734,З,3
0,737,В,3
-1,738,З,3
2,747,ЮЗ,2
4,746,ЮЗ,4
1,740,В,2
5,745,З,4
11,742,З,4
4,742,СЗ,1
3,744,С,2
1,753,С,2
3,762,С,2
7,763,З,3
10,760,Ю,3
11,757,Ю,2
9,756,ЮЗ,2
16,756,ЮЗ,2
15,753,ЮЗ,2
12,756,С,1
15,757,СЗ,2
18,755,З,1
19,755,С,2
15,759,Ю,2
20,748,З,3
5,744,СЗ,3
6,743,З,4
6,748,СЗ,3
12,753,З,3
18,753,З,3
19,749,Ю,2
20,742,ЮВ,2
12,743,З,2
18,746,ЮЗ,2
15,742,З,2
13,753,С,1
20,748,ЮВ,2
17,745,ЮЗ,2
13,753,З,3
15,761,З,1
20,759,ЮВ,1
22,754,В,2
28,750,Ю,3
28,752,СЗ,1
29,751,Ю,2
30,751,ЮЗ,3
32,751,З,2
32,753,СЗ,2
23,754,В,2
24,756,СВ,2
23,757,З,2
27,756,СВ,2
26,758,З,2
29,756,З,2
30,752,ЮЗ,2
28,754,СВ,2
30,751,З,2
30,746,З,2
29,742,СВ,2
20,744,СВ,3
21,751,СВ,2
22,755,ЮВ,1
24,756,З,2
26,757,В,1
29,758,СЗ,3
30,758,СЗ,2
31,757,СЗ,2
31,754,СЗ,1
30,749,СЗ,2
26,750,СВ,2
26,751,З,2
30,746,З,3
23,740,ЮЗ,3
20,739,ЮВ,1
21,737,З,1
22,735,С,1
17,735,З,4
14,736,З,2
19,743,ЮЗ,2
20,748,ЮЗ,3
19,745,З,2
16,743,З,3
22,749,З,2
25,747,ЮВ,2
25,741,ЮЗ,4
23,748,З,2
24,746,З,3
23,746,ЮЗ,3
22,746,З,3
23,745,В,3
16,743,З,4
12,747,З,4
20,753,СЗ,3
25,753,З,3
29,752,З,2
31,750,СЗ,1
31,745,ЮЗ,2
23,748,З,2
28,750,З,3
22,751,ЮВ,1
26,747,СВ,3
25,744,С,2
26,743,СВ,2
24,748,СЗ,2
19,752,СВ,3
26,749,З,4
27,750,СВ,2
30,752,З,2
32,750,З,2
31,748,СЗ,2
22,749,С,2
23,745,СЗ,3
21,744,З,3
19,745,СЗ,2
24,745,СЗ,4
25,745,СЗ,2
25,746,СЗ,1
23,746,СЗ,3
19,745,С,2
19,749,СЗ,3
22,750,СВ,2
24,752,З,2
31,750,З,3
31,749,З,2
26,750,С,2
25,751,З,1
24,748,С,1
24,746,С,2
24,745,В,4
26,747,В,2
31,748,В,2
31,746,В,3
35,741,Ю,3
29,742,З,3
27,743,СЗ,2
27,746,С,2
28,748,З,2
26,748,ЮВ,1
29,748,СЗ,1
37,742,З,2
33,739,З,2
28,747,З,2
22,749,ЮЗ,1
23,747,С,1
22,748,СЗ,1
27,746,СЗ,2
27,746,З,2
23,750,СВ,2
24,751,В,2
21,747,В,2
22,748,СЗ,1
19,745,СВ,1
19,740,З,6
20,746,ЮЗ,3
17,749,З,3
20,755,СЗ,2
20,757,С,2
23,754,СЗ,1
19,750,СЗ,2
19,751,С,1
22,749,СЗ,2
22,750,СЗ,1
19,753,СВ,2
18,755,В,1
21,756,В,1
21,758,В,2
25,757,З,1
23,754,З,2
24,752,З,2
22,751,З,1
13,748,СЗ,4
9,753,СЗ,3
9,757,СЗ,2
14,760,ЮЗ,3
17,756,ЮЗ,2
20,754,З,2
20,752,ЮВ,1
17,749,В,2
24,743,В,2
17,749,СЗ,1
19,750,ЮВ,1
18,748,З,2
16,749,СЗ,1
14,744,З,2
8,743,З,3
3,747,СЗ,3
6,749,СЗ,3
9,747,СЗ,2
6,755,С,1
6,761,СЗ,1
8,761,СЗ,3
4,762,СЗ,2
9,761,З,2
13,756,З,4
19,749,З,4
15,752,З,2
19,748,З,3
15,747,СЗ,2
13,749,З,2
17,743,ЮЗ,3
17,738,ЮВ,1
2,739,СЗ,2
-2,745,СЗ,3
-1,745,Ю,2
3,737,В,2
1,738,З,3
-6,748,З,4
-6,755,СЗ,3
-5,758,С,2
-5,764,СЗ,2
2,762,З,3
3,756,З,4
7,755,З,2
7,757,Ю,1
8,752,ЮЗ,3
2,745,СВ,3
4,750,СВ,1
-1,753,С,1
4,751,ЮЗ,1
1,753,СЗ,1
4,755,З,1
4,755,ЮЗ,2
4,757,ЮЗ,2
6,759,З,2
2,766,З,1
4,761,ЮЗ,2
5,759,З,2
2,759,СЗ,1
-1,759,СЗ,1
-8,762,С,1
-6,766,З,2
-6,765,З,2
-4,762,С,1
-1,762,СЗ,1
-1,757,З,2
-3,756,С,2
-11,770,ЮВ,1
-7,767,З,3
-7,760,З,3
-8,763,Ю,1
-8,766,В,1
-5,765,СВ,1
-7,759,В,1
-7,753,З,2
-13,754,С,1
-12,755,З,4
-4,746,З,4
-4,752,СЗ,2
-11,765,З,1
-4,762,З,5
-11,764,В,3
-9,763,ЮВ,2
-3,762,ЮЗ,1
-7,758,В,2
-5,755,ЮВ,2
-5,752,В,2
-2,754,ЮЗ,1
-3,759,ЮВ,1
-7,759,ЮВ,1
-5,752,Ю,2
-2,748,З,1
-2,746,Ю,3
1,744,З,3
0,739,З,1
-4,740,ЮВ,1
0,727,ЮЗ,2
-6,737,ЮЗ,2
-11,744,З,3
-13,756,З,2
-9,750,В,5
-9,742,З,4
-12,746,В,3
-15,751,СЗ,2
-14,743,З,2
-7,743,Ю,2
-1,733,ЮЗ,2
0,735,ЮЗ,2
-3,738,ЮЗ,3
-6,741,СЗ,2
-22,750,С,1
-22,752,З,1
-13,746,З,3
-9,744,Ю,3
-10,741,ЮВ,4
-1,738,ЮЗ,2
-1,742,З,3
1,746,З,3
2,751,ЮЗ,1
-3,749,СЗ,1
-3,756,З,1
-8,752,З,2
-1,749,З,1
-3,754,СЗ,3
-13,760,СЗ,1
-12,759,С,2
-15,770,З,1
-17,771,ЮВ,1
-15,772,Ю,2
-18,767,В,2
-17,763,В,3
-17,757,В,2
-17,754,ЮВ,2
-16,754,ЮВ,2
-9,756,ЮВ,2
-9,755,В,3
-5,747,ЮВ,3
-5,748,ЮВ,3
-6,748,ЮВ,3
-2,748,З,3
-5,751,Ю,2
-7,740,С,2
-10,738,З,1
-5,740,Ю,3
-2,750,Ю,2
-7,752,З,2
-4,754,ЮЗ,3
-5,753,З,2
3,757,СЗ,1
-5,748,ЮЗ,2
-10,752,С,3
-11,761,С,1
-9,759,ЮЗ,1
-10,749,З,1
-9,751,З,3
-4,750,З,3
0,756,Ю,2
2,758,З,3
4,762,З,1
2,765,ЮВ,1
-2,767,ЮВ,2
-6,764,Ю,1
-4,761,ЮВ,1
-2,758,В,3
-2,756,ЮВ,2
-3,755,В,2
-2,752,В,1
-8,755,ЮВ,2
-6,758,ЮВ,1
-7,758,В,1
-3,758,З,1
-2,754,ЮЗ,2
4,752,С,2
4,759,ЮЗ,2
3,759,ЮЗ,2
4,765,СВ,3
7,768,СЗ,2
6,764,СЗ,2
1,768,СВ,3
5,770,СЗ,1
6,765,З,2
9,760,СЗ,1
5,754,Ю,2
2,746,Ю,2
2,741,ЮЗ,2
-2,747,С,2
-2,749,ЮЗ,4
5,749,З,4
1,758,В,3
-1,765,СВ,4
1,770,В,2
-1,772,ЮВ,2
-1,765,ЮВ,3
3,761,ЮВ,2
6,755,В,2
4,753,ЮВ,3
5,750,В,4
0,752,В,2
1,751,В,2
6,752,ЮЗ,3
9,753,ЮЗ,3
9,749,В,3
8,737,ЮЗ,3
8,746,З,2
10,745,З,4
10,754,СЗ,3
14,753,Ю,3
15,747,Ю,2
17,743,Ю,3
13,743,ЮЗ,3
14,738,З,5
11,740,З,2
10,737,В,2
3,733,З,5
6,740,З,2
7,740,ЮЗ,5
11,736,З,4
10,740,Ю,2
10,746,СЗ,4
9,747,З,1
13,753,В,3
25,752,З,2
25,752,Ю,2
23,752,ЮВ,1
23,750,В,2
23,746,В,2
24,741,СЗ,2
21,745,СЗ,2
18,746,СВ,3
12,746,СВ,2
18,743,СВ,2
8,743,С,2
15,748,С,2
18,755,З,2
19,754,Ю,1
19,750,СЗ,1
15,746,В,2
20,745,З,2
15,739,ЮЗ,2
15,736,З,3
10,737,З,3
12,740,З,2
16,746,З,2
19,750,С,2
26,752,СЗ,3
28,750,З,2
29,749,ЮЗ,3
29,750,З,3
28,751,Ю,2
29,751,З,3
30,747,Ю,2
28,750,ЮВ,1
31,750,ЮВ,2
33,746,В,2
28,749,Ю,2
19,748,З,2
28,746,З,3
23,747,СЗ,3
19,749,СЗ,3
20,752,СЗ,3
26,747,З,3
24,750,СЗ,3
21,750,С,2
19,749,СЗ,2
23,746,З,2
21,750,СЗ,2
28,749,ЮЗ,2
32,747,З,3
32,746,ЮЗ,2
35,746,З,2
32,744,С,1
33,745,В,2
32,746,В,3
37,746,ЮВ,3
35,747,В,2
31,746,З,3
32,748,СЗ,2
32,746,СВ,2
31,744,С,2
32,742,В,2
35,741,З,2
33,743,З,3
26,744,З,3
24,744,З,1
26,747,СЗ,3
23,748,СЗ,3
26,746,З,2
31,743,З,3
24,742,СЗ,4
19,748,СЗ,2
25,741,З,3
26,746,С,2
35,741,З,3
24,737,ЮВ,1
17,734,ЮЗ,3
23,740,З,4
25,746,ЮЗ,3
23,746,З,2
24,742,СЗ,2
19,743,СЗ,3
22,744,С,1
22,746,СВ,2
27,745,З,2
20,738,ЮЗ,2
22,742,З,3
22,745,З,3
26,747,З,2
26,747,СЗ,3
26,749,СЗ,2
28,747,СЗ,2
28,747,З,2
29,746,Ю,1
28,745,С,2
30,746,З,3
31,746,З,4
22,753,С,3
26,754,З,2
25,750,СЗ,4
23,748,С,2
21,749,СЗ,3
24,752,С,2
21,752,З,2
28,750,С,2
29,747,СЗ,2
26,749,СЗ,4
24,753,С,2
27,754,З,2
29,747,З,3
24,746,З,1
19,742,СЗ,3
18,745,З,3
16,749,СЗ,2
16,751,СЗ,2
22,753,СЗ,2
26,753,З,2
20,749,С,2
16,752,С,2
20,749,СЗ,3
14,751,В,2
26,749,ЮЗ,1
27,749,З,2
24,747,З,2
18,740,З,5
17,745,СЗ,2
17,746,СЗ,2
19,746,СЗ,3
19,747,С,1
21,752,Ю,2
26,749,Ю,1
26,748,З,1
34,743,ЮЗ,2
21,749,З,3
22,752,З,2
19,753,З,2
13,756,СЗ,3
17,760,СВ,2
21,759,В,1
22,755,СВ,1
22,752,З,2
23,754,СЗ,1
22,754,З,1
28,749,З,3
25,750,СЗ,2
23,754,В,1
26,755,В,1
27,756,В,1
27,757,З,2
27,756,СЗ,2
27,756,З,1
29,758,З,1
28,758,ЮЗ,2
23,758,Ю,3
18,755,СЗ,2
13,752,СЗ,1
9,743,З,3
11,736,З,3
11,755,СЗ,2
17,752,ЮЗ,3
19,742,ЮЗ,3
3,743,С,2
0,740,З,4
1,745,ЮЗ,4
0,744,З,3
1,748,З,2
2,754,З,4
3,758,З,3
9,759,З,3
6,758,З,4
7,758,СВ,1
10,755,З,3
11,749,З,3
5,746,З,2
1,750,С,2
1,758,С,2
3,761,Ю,1
3,758,ЮВ,2
0,752,В,1
1,749,В,2
3,746,ЮЗ,3
7,746,ЮЗ,2
5,745,Ю,1
3,746,СЗ,3
0,756,СЗ,2
-1,761,С,2
0,755,З,3
3,744,З,3
4,738,З,3
5,743,СЗ,2
5,740,З,2
3,747,СЗ,5
3,756,З,2
2,753,З,2
3,751,Ю,1
2,746,Ю,3
0,736,В,3
0,738,В,2
-1,743,В,2
-4,749,С,1
-3,748,В,2
-3,748,В,3
-6,752,В,3
-4,754,В,1
-6,755,Ю,1
-9,752,В,4
3,741,ЮЗ,3
7,746,ЮЗ,2
10,748,ЮЗ,2
3,755,СЗ,2
1,752,В,2
0,744,В,4
-4,746,З,4
-2,751,З,3
0,752,В,2
-1,749,В,1
1,749,ЮВ,1
-1,754,СВ,2
-3,755,З,2
-1,748,ЮЗ,2
2,745,З,3
2,731,З,4
1,737,СЗ,3
0,754,СЗ,3
2,753,З,5
-1,756,З,2
-2,753,ЮЗ,2
1,744,Ю,2
0,752,З,2
-2,751,ЮВ,2
-4,744,СЗ,1
-9,743,СЗ,3
-10,752,З,2
-16,754,В,1
-6,743,В,2
-1,746,Ю,1
2,741,З,2
1,730,В,1
-1,743,СЗ,5
-5,743,ЮЗ,2
1,736,З,2
-4,745,З,3
-6,752,СЗ,3
-11,757,С,1
-16,759,СВ,2
-16,762,СВ,2
-19,760,В,1
-12,745,В,3
-17,752,ЮВ,2
-16,756,В,4
-16,752,В,3
-9,750,В,3
-6,740,В,5
-12,744,З,2
-17,755,З,1
-11,747,В,4
-6,747,ЮВ,2
-5,749,З,2
-6,756,СЗ,1
-12,755,В,4
-4,752,ЮВ,3
-7,743,В,3
-2,741,В,1
-8,754,ЮЗ,4
-12,764,В,3
-6,758,ЮВ,2
-8,757,СВ,1
-19,756,СЗ,2
-19,755,СЗ,4
-17,755,В,2
-17,753,В,2
-11,745,ЮВ,3
-3,746,З,1
1,749,Ю,1
2,744,Ю,3
0,746,Ю,1
0,740,ЮЗ,2
2,743,З,3
1,745,З,1
-3,749,З,1
-2,753,СЗ,2
-3,755,З,2
0,758,З,2
0,763,ЮЗ,3
-7,765,В,3
-4,764,В,2
-3,761,В,1
-5,759,ЮВ,3
-5,760,В,2
-2,759,В,3
0,748,СЗ,3
-2,753,СВ,3
0,761,СВ,2
1,758,В,3
-4,750,В,3
-3,756,ЮВ,2
3,749,ЮЗ,1
3,749,ЮВ,1
0,742,ЮВ,2
3,749,З,3
1,758,Ю,2
1,758,З,1
0,759,СЗ,2
-2,757,В,3
0,750,ЮВ,1
3,747,В,2
2,745,З,1
3,751,З,1
3,758,СВ,2
2,756,В,2
3,756,В,3
4,752,В,1
6,749,СЗ,2
1,750,СЗ,4
-2,749,С,1
-2,748,С,2
0,737,З,3
2,734,СЗ,2
3,729,ЮЗ,3
-4,728,СЗ,4
-4,743,ЮЗ,2
-2,745,З,2
-2,749,ЮВ,2
4,746,ЮВ,3
2,747,З,1
2,749,В,3
6,746,В,2
2,742,СЗ,2
3,748,СЗ,2
5,755,ЮВ,2
6,754,В,1
9,752,СЗ,2
4,742,З,3
5,734,В,3
6,737,ЮЗ,3
5,743,ЮЗ,2
5,742,С,1
4,744,СЗ,2
6,749,З,2
14,752,С,1
17,754,Ю,2
17,754,ЮЗ,4
19,750,ЮЗ,3
17,750,СЗ,1
20,749,ЮЗ,2
19,744,В,3
22,743,ЮЗ,2
23,746,ЮЗ,2
18,744,С,1
9,745,С,2
15,741,В,1
10,743,З,3
11,742,ЮВ,3
11,745,З,3
9,742,ЮЗ,2
18,754,В,2
22,752,В,3
20,749,В,2
17,752,В,4
15,756,В,2
14,753,В,3
10,749,В,2
12,751,В,3
15,749,В,2
11,746,СВ,1
19,747,В,2
21,749,В,2
23,749,С,3
21,752,С,1
19,754,З,2
25,749,З,4
22,751,З,1
22,744,ЮЗ,2
10,742,С,3
15,745,СВ,3
8,747,В,2
15,748,В,3
18,750,ЮВ,3
17,752,В,3
24,751,В,2
17,748,З,1
20,748,В,2
20,747,ЮЗ,2
21,751,С,2
25,749,ЮВ,2
29,748,ЮВ,2
30,749,ЮВ,2
29,751,З,2
30,751,З,2
30,750,СВ,1
24,749,СЗ,2
17,751,СВ,3
21,749,СЗ,2
20,744,СВ,2
18,743,З,1
25,742,З,4
22,743,ЮЗ,3
18,741,З,4
12,745,З,3
16,749,З,3
20,750,З,2
24,751,З,2
26,748,ЮЗ,2
22,746,ЮЗ,2
22,749,З,1
29,749,З,1
31,750,В,1
31,752,СВ,1
29,753,В,3
31,752,З,2
30,752,З,1
30,754,С,2
31,752,С,2
27,749,СЗ,4
26,749,СЗ,3
20,750,З,1
22,748,ЮВ,1
24,741,З,2
19,744,СЗ,4
23,746,СЗ,3
24,746,СЗ,3
23,749,СЗ,2
26,747,СЗ,3
29,745,СЗ,2
29,743,З,2
30,740,ЮЗ,3
24,745,З,3
26,749,З,2
31,746,ЮВ,2
19,740,З,2
24,746,З,3
27,747,З,2
21,746,ЮЗ,1
29,746,З,4
31,746,З,3
29,749,СЗ,2
30,749,СЗ,3
33,746,З,4
29,745,СЗ,3
28,744,СВ,3
28,745,В,3
31,747,В,2
18,746,ЮВ,2
24,744,В,2
23,745,З,3
26,746,С,2
26,749,СВ,2
27,749,С,1
28,748,З,2
29,746,З,3
31,747,З,3
32,749,З,2
21,751,СЗ,2
31,751,З,2
33,749,ЮЗ,2
33,749,ЮЗ,1
31,752,СЗ,2
30,755,В,1
31,753,В,1
34,749,ЮВ,1
26,750,СЗ,2
29,749,СВ,3
30,747,В,3
33,749,СЗ,1
34,749,З,3
36,748,ЮВ,2
30,746,ЮЗ,2
26,753,З,2
33,752,ЮВ,2
35,752,В,2
34,753,ЮВ,2
36,754,В,2
29,756,ЮВ,3
29,757,ЮВ,1
32,757,СЗ,1
33,753,З,2
33,749,Ю,2
24,749,ЮЗ,1
22,751,СЗ,2
28,746,З,3
20,752,СЗ,3
22,754,ЮЗ,2
27,747,ЮЗ,3
14,742,СВ,1
14,738,С,2
17,744,З,3
22,746,СЗ,2
20,749,З,2
20,748,З,2
17,746,З,3
14,739,З,2
14,741,СЗ,3
14,747,З,2
14,748,СЗ,2
12,750,З,2
17,737,СЗ,3
12,740,СЗ,3
13,743,З,2
11,742,В,1
14,743,З,3
10,745,ЮЗ,2
12,749,ЮЗ,2
10,746,В,4
19,746,ЮЗ,2
14,753,СЗ,2
20,749,В,3
21,748,В,3
15,750,ЮЗ,1
10,747,В,2
13,743,СВ,1
12,744,З,1
13,749,С,1
11,749,З,3
19,756,З,2
19,755,ЮЗ,2
21,756,В,2
12,758,В,2
16,755,В,3
18,753,В,2
11,755,В,2
7,755,СВ,3
5,755,СВ,2
7,758,СЗ,2
4,755,З,2
2,753,Ю,1
5,755,С,2
2,758,СВ,3
4,761,С,1
4,757,З,3
6,759,СЗ,1
6,761,СЗ,2
3,765,СВ,2
3,769,СВ,2
1,772,В,2
2,774,С,1
1,772,СВ,1
0,770,Ю,1
3,767,В,2
3,761,СВ,1
-1,752,С,1
0,745,ЮВ,2
0,737,СВ,2
-2,746,СЗ,2
-4,751,С,1
-4,755,В,2
0,746,ЮЗ,2
1,748,ЮЗ,2
-1,753,З,3
-2,752,ЮВ,4
7,747,ЮЗ,2
2,752,В,2
1,752,В,3
6,748,В,2
2,752,ЮЗ,3
-2,755,З,2
-2,759,В,1
-6,761,СВ,1
-7,761,ЮВ,1
-6,763,ЮВ,1
-6,765,ЮВ,1
-8,773,ЮВ,2
-11,780,ЮВ,2
-9,779,ЮЗ,2
-5,774,З,2
-3,767,З,4
-1,757,З,4
-2,747,ЮЗ,3
-2,740,З,3
-2,738,ЮЗ,3
2,740,Ю,2
0,745,ЮЗ,3
-8,749,З,3
-9,752,Ю,1
-9,752,ЮВ,2
-7,738,С,1
-9,747,СЗ,3
-10,749,З,1
-6,738,ЮЗ,3
-15,745,СЗ,3
-16,746,Ю,2
-7,737,З,1
-5,730,З,2
-11,737,СЗ,3
-15,743,З,1
-15,746,СЗ,2
-18,751,З,2
-18,751,ЮЗ,1
-21,757,С,2
-19,755,З,3
-9,746,З,3
-2,743,З,2
-21,758,С,1
-15,751,З,3
-19,758,СВ,2
-12,758,Ю,1
-7,752,ЮЗ,2
-8,753,В,1
-7,752,З,1
-4,746,ЮЗ,4
-3,749,ЮЗ,2
-2,757,З,2
-5,755,З,1
-4,747,З,5
-4,740,ЮЗ,2
-3,736,ЮЗ,2
0,734,З,3
-5,741,СЗ,2
-6,749,ЮВ,3
-1,752,ЮЗ,1
-3,753,В,3
-7,754,СВ,1
-10,755,СЗ,1
-9,754,З,1
-7,755,З,3
-11,755,ЮЗ,2
-7,755,ЮВ,2
-12,760,ЮВ,1
-14,762,В,2
-14,763,ЮВ,2
-12,762,ЮВ,1
-14,760,З,2
-9,756,З,2
-8,741,З,3
-9,740,З,3
-8,742,СЗ,3
-7,747,З,3
-1,740,З,3
-6,745,СВ,2
-17,748,СЗ,3
-16,749,З,1
-19,755,В,3
-15,764,В,1
-12,763,З,2
-10,755,З,1
-11,746,З,2
-8,743,СЗ,3
-11,752,СЗ,3
-13,758,З,1
-12,746,В,5
-16,751,СЗ,3
-16,756,СЗ,2
-15,758,СЗ,4
-12,760,С,2
-7,755,З,2
-11,759,СЗ,1
-10,761,ЮЗ,2
-8,761,ЮЗ,2
-7,746,Ю,3
-8,746,В,3
-8,752,С,2
-6,755,ЮВ,1
-11,746,ЮЗ,3
2,746,СЗ,3
1,743,ЮЗ,5
2,740,ЮЗ,3
1,741,ЮВ,3
1,740,Ю,3
2,738,ЮЗ,1
2,738,ЮЗ,2
0,743,З,3
-2,745,ЮЗ,3
1,752,СЗ,2
1,758,Ю,1
-2,758,ЮВ,3
1,752,ЮВ,3
1,752,Ю,3
4,758,Ю,2
5,756,ЮЗ,3
1,761,Ю,2
-3,765,В,1
-3,766,В,2
-5,765,ЮВ,2
-2,764,ЮВ,2
-2,762,ЮВ,1
1,760,ЮЗ,2
3,758,ЮЗ,1
-1,757,В,2
0,754,В,4
-2,755,В,4
-4,752,ЮВ,2
-4,752,ЮВ,3
0,752,В,3
2,752,В,4
2,754,В,4
1,755,Ю,1
5,754,З,3
3,740,ЮЗ,3
2,746,З,3
3,739,Ю,3
3,733,З,3
-1,735,СЗ,7
-1,745,СЗ,1
-2,755,СЗ,3
0,755,ЮЗ,4
0,753,ЮЗ,2
3,751,СВ,2
2,761,СВ,2
4,759,З,3
7,754,ЮЗ,2
9,750,ЮВ,2
8,748,ЮВ,3
14,747,З,1
7,751,СЗ,2
14,749,З,3
16,744,З,3
10,749,З,3
15,742,Ю,2
8,735,З,4
10,744,З,4
14,746,З,3
4,753,С,1
5,749,СВ,3
2,744,З,4
6,750,СЗ,3
0,740,В,4
13,744,ЮЗ,3
9,734,ЮВ,2
11,749,ЮЗ,3
13,757,З,2
17,758,З,6
20,758,ЮЗ,4
23,759,З,3
25,761,З,3
26,760,ЮВ,3
25,757,Ю,3
27,749,ЮЗ,4
17,750,С,3
10,749,СЗ,4
17,740,З,4
13,744,СВ,2
24,742,ЮЗ,2
24,734,З,3
13,743,З,2
10,744,З,3
14,749,ЮЗ,4
12,754,З,3
14,754,З,3
14,757,С,2
16,756,Ю,2
16,755,ЮВ,2
20,754,Ю,1
18,752,З,2
23,746,В,2
14,737,СЗ,2
12,741,СВ,2
13,746,СЗ,3
20,750,З,3
25,750,З,3
23,748,Ю,2
24,742,З,4
12,744,СВ,2
10,749,З,3
19,742,З,3
20,746,СЗ,1
27,737,З,4
23,737,З,2
7,735,СЗ,4
13,745,З,5
13,751,З,1
19,747,З,3
16,748,С,2
17,746,СЗ,3
18,749,СЗ,2
24,749,З,2
18,746,СЗ,2
21,742,З,2
25,741,З,4
22,738,З,3
20,741,Ю,2
16,740,З,2
20,741,З,2
15,741,СЗ,1
22,740,З,2
19,739,З,2
25,739,ЮЗ,2
22,740,З,4
15,744,З,1
13,740,В,2
21,744,З,4
25,746,ЮЗ,2
25,745,ЮЗ,2
26,746,З,3
24,748,З,2
25,749,СЗ,2
21,743,ЮВ,2
31,738,ЮЗ,3
23,742,З,3
26,743,З,2
24,731,ЮЗ,7
18,737,З,5
21,743,ЮЗ,3
20,743,ЮЗ,3
19,743,З,3
21,745,ЮЗ,3
19,746,СВ,1
21,749,СВ,2
24,749,ЮВ,1
27,750,В,2
29,751,ЮВ,1
30,752,СЗ,2
31,751,З,2
26,749,З,2
25,749,СЗ,3
26,748,СВ,2
23,747,ЮВ,2
25,748,СЗ,3
26,745,ЮЗ,2
22,746,СЗ,3
25,745,З,3
25,745,З,3
27,747,З,1
32,747,З,2
35,749,З,2
32,745,В,2
28,744,З,2
27,746,СЗ,3
27,749,СЗ,3
27,748,ЮЗ,2
28,745,З,2
31,742,З,3
27,748,З,4
28,752,С,2
28,748,С,3
25,752,С,2
23,754,С,2
25,752,ЮЗ,2
26,746,З,3
23,750,СВ,2
22,752,СВ,2
25,753,СВ,1
26,756,С,1
26,757,С,1
25,757,СВ,2
26,756,С,2
27,757,З,2
28,755,СЗ,1
30,753,В,3
33,753,ЮВ,3
30,751,ЮВ,2
24,751,Ю,1
24,749,З,3
24,746,З,3
23,747,ЮЗ,1
27,744,З,1
26,746,СВ,3
25,750,С,2
27,750,СВ,3
28,746,ЮВ,1
23,743,З,3
20,746,СЗ,3
13,751,СВ,1
14,750,В,1
27,746,ЮВ,3
16,741,СЗ,2
14,744,З,2
15,748,СЗ,3
13,755,СЗ,1
24,751,З,3
27,750,ЮЗ,2
28,743,ЮЗ,2
25,749,З,2
24,751,З,2
21,755,СЗ,2
24,752,ЮЗ,1
30,749,ЮЗ,3
21,754,С,1
18,756,СВ,2
12,761,СВ,3
16,764,СВ,2
12,763,СВ,2
8,762,С,1
8,759,З,2
9,762,СВ,2
9,764,С,1
8,757,З,2
7,752,Ю,1
7,755,СВ,3
7,756,С,2
8,757,СЗ,2
4,758,З,2
12,754,Ю,1
12,749,ЮВ,2
11,752,ЮВ,2
15,755,ЮВ,1
17,755,В,2
17,752,ЮВ,2
11,752,З,1
12,752,Ю,1
11,749,ЮВ,1
10,745,В,2
9,740,ЮВ,2
7,737,ЮВ,1
9,742,СЗ,2
8,745,З,3
13,743,СЗ,3
6,749,СЗ,2
2,749,С,1
3,748,С,1
2,751,З,2
1,758,СЗ,1
1,763,В,2
-1,755,В,2
-1,748,З,1
0,745,ЮВ,1
6,737,Ю,4
7,737,В,2
4,731,Ю,3
3,735,ЮЗ,4
2,742,З,2
2,747,З,2
2,749,З,3
1,756,С,1
1,759,З,2
2,761,З,2
3,756,СЗ,2
2,760,СЗ,1
-1,758,ЮЗ,1
2,756,В,2
2,752,ЮВ,1
6,747,Ю,3
2,754,ЮЗ,1
2,753,З,2
2,753,З,2
2,755,З,2
1,755,В,2
4,752,ЮВ,2
3,746,В,2
5,740,В,4
4,744,З,2
1,749,С,1
-2,756,З,2
-1,761,З,1
-2,761,В,1
-2,764,ЮВ,2
-5,767,Ю,1
-5,763,Ю,3
-3,756,Ю,3
-4,750,ЮВ,2
-5,747,В,2
-4,742,В,1
-4,746,СВ,1
-6,752,З,2
-6,756,В,2
-3,758,ЮВ,2
-4,758,В,3
-5,760,В,2
-9,761,В,3
-10,763,В,2
-10,763,ЮВ,3
-11,764,В,3
-12,762,В,2
-9,762,ЮЗ,1
-5,762,В,1
-8,753,ЮВ,2
-6,748,ЮЗ,2
-6,737,Ю,2
-5,726,З,1
-7,745,З,2
2,749,З,3
2,752,ЮЗ,2
1,758,Ю,1
1,758,В,2
-5,753,В,3
-5,752,ЮВ,1
-3,755,Ю,1
-2,757,ЮВ,1
-7,756,В,3
-10,757,В,2
-9,756,В,2
-6,752,ЮЗ,2
-4,747,З,2
-5,746,З,2
-6,749,З,2
-4,752,З,2
-7,760,СВ,2
-15,766,С,1
-14,763,З,1
-9,766,З,1
-7,761,СЗ,2
-9,755,В,1
-13,758,ЮВ,1
-16,758,В,3
-12,757,В,4
-9,755,В,3
-7,755,В,2
-8,755,В,4
-11,759,В,3
-11,767,ЮВ,2
-13,773,ЮВ,2
-14,776,ЮВ,2
-14,770,Ю,2
-12,763,ЮВ,3
-10,758,В,4
-14,745,В,5
-6,747,В,1
-6,756,З,1
-6,757,Ю,2
-4,754,ЮВ,3
-5,750,ЮВ,4
-6,761,В,2
-5,770,В,3
-7,767,ЮВ,2
-7,765,В,2
-5,762,В,2
-5,757,С,1
-7,755,СЗ,2
-8,757,СЗ,1
-8,762,З,1
-7,767,З,1
-6,769,В,2
-7,766,ЮВ,1
-6,761,В,4
-8,755,ЮВ,2
-5,749,З,2
-6,751,З,2
-10,754,З,1
-12,756,ЮВ,2
-9,752,С,3
-12,750,СЗ,1
-12,757,С,3
-15,761,С,2
-11,763,СВ,1
-8,758,З,1
-10,752,ЮВ,1
-7,743,ЮВ,4
-5,734,З,4
-9,746,СЗ,3
-8,755,З,2
-8,748,В,4
-4,751,СВ,2
-4,753,С,1
-9,757,СВ,2
-7,761,Ю,1
-8,760,З,3
-7,758,З,2
-5,752,Ю,4
-2,744,ЮВ,2
-6,752,ЮВ,2
-8,740,СЗ,4
-10,754,З,2
-1,749,З,1
-4,745,В,2
-3,737,СЗ,1
1,742,З,4
0,743,ЮЗ,2
1,746,З,1
2,748,З,3
2,746,З,3
0,740,СЗ,2
-1,752,С,2
0,755,З,2
-2,759,ЮЗ,4
-2,755,ЮЗ,3
5,756,ЮВ,2
5,754,ЮВ,4
2,752,ЮВ,1
3,749,С,2
9,753,СЗ,2
4,749,ЮЗ,3
5,752,СЗ,4
9,757,ЮЗ,3
12,755,З,3
13,749,З,2
6,755,СЗ,3
7,752,З,2
8,758,СЗ,3
9,754,ЮЗ,2
15,751,З,2
16,750,З,2
18,749,ЮВ,1
12,740,З,2
11,740,С,2
7,742,З,1
7,731,З,4
3,740,З,3
5,745,З,3
8,744,Ю,2
15,748,ЮЗ,4
15,737,Ю,2
15,749,З,3
16,751,ЮЗ,3
19,752,С,2
27,752,ЮЗ,4
27,751,ЮЗ,3
20,754,СЗ,2
16,759,В,2
21,756,ЮЗ,3
17,752,З,2
21,749,З,2
23,745,СЗ,3
12,747,СВ,3
14,746,В,3
22,749,СЗ,2
23,754,СВ,2
25,753,СЗ,2
26,751,СЗ,2
26,750,З,1
27,748,З,1
24,746,З,2
25,749,З,3
18,755,С,2
22,760,СЗ,2
25,758,З,1
26,752,СВ,2
15,749,С,2
13,758,С,3
19,755,З,3
15,752,СЗ,2
17,754,З,3
24,741,З,6
14,740,СЗ,2
7,746,С,1
13,746,З,4
25,739,З,4
28,736,ЮЗ,4
19,741,З,4
15,750,З,4
18,750,З,3
13,743,З,2
16,744,С,2
16,746,С,2
19,748,З,2
22,743,З,5
21,747,СЗ,3
19,749,СЗ,3
21,750,СЗ,2
24,748,СЗ,3
26,746,С,2
29,746,З,2
27,740,З,4
24,743,З,6
25,746,С,2
28,747,СЗ,2
31,749,СЗ,3
33,751,СВ,1
32,751,СЗ,1
29,749,СЗ,2
28,747,СЗ,3
29,745,С,1
31,746,З,1
33,749,В,2
34,750,В,2
36,744,В,5
30,746,З,2
28,742,З,4
26,745,З,2
27,743,ЮВ,2
29,740,СЗ,2
27,743,З,4
26,746,З,2
27,746,З,3
27,746,ЮЗ,2
25,744,СЗ,1
28,743,В,2
31,743,СВ,1
28,744,ЮВ,2
19,742,В,3
23,741,В,2
30,743,В,1
29,743,З,2
19,744,В,3
22,747,ЮВ,3
23,749,В,4
28,752,ЮВ,2
31,753,В,2
33,755,ЮВ,2
32,755,ЮВ,2
32,752,Ю,1
27,751,С,2
19,752,С,2
26,753,В,3
29,752,СВ,2
29,749,З,2
29,746,З,1
30,744,ЮЗ,3
31,743,З,3
30,743,З,3
27,743,С,2
21,743,СЗ,2
19,751,СЗ,4
22,755,СЗ,3
29,751,СЗ,3
30,749,З,2
30,746,З,2
24,746,СЗ,3
25,752,СЗ,1
30,749,З,3
21,751,СВ,3
20,752,С,3
20,752,С,1
23,750,ЮЗ,2
29,747,З,3
17,744,СЗ,2
19,750,СЗ,3
23,751,З,4
23,749,С,2
23,752,СВ,1
25,752,С,1
25,754,ЮВ,1
27,755,СЗ,1
29,756,З,2
29,756,З,2
29,758,ЮВ,2
25,755,З,2
23,756,СЗ,1
22,758,В,3
25,756,В,1
24,753,В,2
23,753,СВ,3
23,755,З,2
25,754,ЮЗ,2
23,755,С,1
21,758,В,2
23,756,В,2
24,752,З,2
18,753,В,1
23,752,В,2
26,749,В,2
19,745,СЗ,2
17,746,З,3
16,750,СЗ,2
22,753,ЮЗ,1
24,751,Ю,3
17,746,В,2
19,746,Ю,2
12,752,З,2
11,747,ЮЗ,3
14,746,З,3
15,749,З,1
10,754,СЗ,2
13,755,З,3
15,755,ЮЗ,2
20,747,Ю,2
15,742,З,4
9,744,СЗ,2
8,752,З,3
17,752,З,5
18,752,ЮЗ,4
7,758,В,1
15,755,ЮЗ,2
11,750,СЗ,4
8,756,СЗ,3
9,755,СЗ,2
7,755,СЗ,1
9,755,ЮЗ,2
18,753,СЗ,3
15,751,СЗ,4
12,756,ЮЗ,1
17,751,З,3
13,749,З,2
8,755,С,1
9,757,З,1
10,747,ЮВ,2
11,740,ЮЗ,1
12,734,Ю,1
7,737,ЮЗ,2
4,749,З,2
7,745,З,3
3,759,С,1
0,768,СВ,1
3,772,СЗ,1
3,772,З,3
5,767,З,4
7,763,З,2
4,752,З,4
6,756,С,1
5,759,СЗ,1
4,757,З,2
2,753,З,1
1,758,СВ,1
-3,761,СВ,4
-5,774,В,2
-6,776,Ю,1
-5,773,СЗ,1
-5,768,З,1
-5,770,В,1
-2,770,З,1
0,761,З,4
3,755,З,1
1,757,З,1
1,753,СЗ,1
-2,744,З,3
-3,740,ЮЗ,4
-7,743,СЗ,4
-5,747,З,6
-4,747,З,3
-5,745,Ю,1
-8,746,С,1
-11,761,СЗ,2
-8,769,З,4
-9,770,З,1
-10,763,ЮВ,2
-3,758,Ю,1
-3,761,ЮВ,1
-5,761,ЮВ,1
-7,755,В,3
-6,749,В,2
-2,752,В,1
-3,752,Ю,2
-3,755,Ю,3
-5,755,В,2
-7,752,В,4
-2,752,В,1
-3,751,В,4
-1,755,СВ,3
-8,761,С,2
-8,765,В,1
-9,767,В,1
-10,769,В,2
-13,765,ЮВ,1
-15,758,В,2
-11,755,ЮВ,2
-9,753,В,4
-12,755,В,3
-8,747,ЮВ,4
-5,745,В,3
-4,742,СЗ,1
-10,751,З,1
-13,757,З,1
-16,761,ЮЗ,1
-18,758,В,3
-6,757,Ю,2
-7,758,В,3
-9,755,В,2
-10,744,В,3
-8,749,З,2
-15,753,СЗ,2
-17,750,З,3
-14,754,З,2
-9,758,З,1
-12,754,В,2
0,737,Ю,2
-8,740,ЮЗ,2
-9,743,Ю,1
-3,744,Ю,4
-4,740,В,4
-7,746,СЗ,1
-8,747,ЮЗ,3
-2,746,Ю,1
-7,750,З,1
-10,750,Ю,2
-11,747,ЮЗ,2
-18,756,З,1
-20,757,В,3
-13,753,СЗ,2
-16,761,В,2
-13,755,В,5
-11,755,В,4
-9,751,СВ,1
-6,755,СЗ,1
-7,758,В,2
-8,758,Ю,1
-11,757,З,1
-10,758,Ю,1
-11,761,В,4
-11,761,В,2
-8,749,В,3
-4,756,СЗ,2
-6,758,З,2
-8,757,ЮЗ,1
-8,758,Ю,1
-7,760,Ю,1
-10,758,В,3
-7,752,ЮЗ,2
-5,749,ЮЗ,2
2,740,З,2
-1,734,ЮЗ,2
-1,729,С,2
-10,746,СЗ,4
-3,745,ЮЗ,2
-5,742,Ю,2
-4,741,ЮЗ,3
-7,755,СЗ,2
-9,755,З,2
-8,746,ЮВ,1
-5,739,В,3
-4,743,В,2
-2,734,ЮЗ,2
-2,729,ЮВ,2
-2,728,С,2
-4,740,З,2
-2,738,З,3
-3,743,ЮВ,2
4,739,ЮЗ,3
-3,757,С,2
-5,761,Ю,2
0,749,Ю,3
1,746,В,2
2,736,ЮВ,3
2,739,З,4
1,747,ЮВ,1
0,747,СЗ,2
0,755,ЮЗ,1
0,752,В,4
1,752,В,2
5,757,С,1
6,758,З,2
7,756,З,1
1,748,В,2
3,751,В,1
1,750,В,3
1,737,ЮЗ,4
5,749,Ю,2
5,750,Ю,2
3,746,СЗ,1
3,747,ЮЗ,3
1,749,ЮЗ,3
7,749,З,2
8,748,З,3
6,751,СВ,2
2,746,СВ,3
5,752,СВ,2
6,757,З,2
7,760,В,2
6,756,В,2
8,754,С,1
14,752,ЮВ,1
18,753,Ю,1
19,753,ЮВ,2
20,749,ЮВ,1
20,746,С,2
11,750,СВ,3
12,754,СЗ,2
11,751,С,3
5,759,С,2
7,758,СВ,2
9,757,СЗ,2
13,756,З,1
13,−,С,3
16,755,С,1
14,753,СЗ,3
17,752,З,2
22,750,СЗ,2
18,751,С,2
21,746,ЮЗ,3
11,740,С,2
6,751,С,2
8,754,З,3
13,752,З,2
12,746,ЮВ,3
17,743,ЮВ,3
20,749,З,2
18,753,ЮВ,2
24,747,ЮВ,1
19,746,З,2
25,749,З,2
28,749,В,2
30,749,В,3
32,750,В,2
32,752,СВ,1
32,750,СЗ,1
30,747,З,2
26,749,В,1
22,747,В,3
15,751,СЗ,3
17,745,З,3
13,746,С,2
11,750,С,2
16,752,З,3
14,749,В,3
24,743,ЮЗ,4
13,746,С,2
15,752,З,1
22,748,ЮВ,2
25,745,З,4
25,750,С,3
28,753,СЗ,3
30,753,ЮЗ,2
30,751,С,2
29,747,ЮЗ,3
26,751,СЗ,2
27,746,ЮЗ,3
20,753,СЗ,3
24,755,СЗ,2
27,752,З,3
24,754,С,2
25,753,С,3
25,756,СЗ,2
28,754,З,2
32,751,З,2
28,749,СЗ,3
18,752,С,2
20,751,СЗ,2
20,748,З,2
21,746,З,2
24,746,СЗ,2
26,746,СЗ,2
22,746,СВ,3
29,748,СЗ,2
30,751,СЗ,2
31,752,З,2
33,750,З,2
24,749,С,2
25,752,СЗ,2
22,752,С,2
16,745,В,2
27,737,В,2
26,738,З,3
19,741,С,1
23,742,СЗ,3
25,738,З,3
26,741,ЮЗ,2
25,743,З,4
22,744,З,3
26,743,З,2
23,741,ЮЗ,3
24,743,З,3
27,740,Ю,2
25,740,З,3
25,743,ЮЗ,2
19,743,СВ,1
22,743,С,2
25,744,С,2
22,743,З,2
26,747,З,2
22,746,В,2
29,742,З,3
28,746,СЗ,1
27,748,З,2
28,749,З,3
24,749,С,2
27,749,С,2
29,749,В,3
30,747,СВ,3
26,740,В,3
24,734,СЗ,4
19,740,З,3
14,735,СЗ,1
14,734,З,3
18,737,З,5
18,739,ЮЗ,3
22,740,З,3
17,728,В,2
15,742,З,4
21,747,З,3
23,747,З,2
27,743,З,2
26,740,З,1
20,740,З,2
15,744,СЗ,4
18,746,СЗ,4
22,748,СЗ,2
25,750,З,2
30,749,СЗ,2
32,749,Ю,2
28,752,ЮЗ,2
35,752,ЮЗ,3
31,752,С,1
27,753,С,3
27,753,С,1
27,754,СЗ,3
25,755,СВ,1
24,750,СЗ,3
20,756,СЗ,2
18,747,З,3
12,746,СЗ,2
15,751,СЗ,2
15,751,С,2
17,750,СЗ,3
16,749,З,1
19,748,З,3
18,749,СЗ,2
18,750,СВ,2
20,752,СЗ,2
20,754,СВ,2
21,755,С,1
20,758,С,2
23,758,СЗ,3
23,759,С,3
23,762,В,1
24,760,З,2
25,755,З,2
26,749,З,3
16,747,З,1
11,743,Ю,2
19,739,З,3
17,740,ЮЗ,2
14,742,З,5
13,748,ЮЗ,2
11,744,СЗ,1
9,738,ЮЗ,2
6,742,З,3
8,749,З,3
8,752,З,1
10,751,З,3
11,749,ЮЗ,4
10,749,С,2
8,753,З,2
13,752,ЮВ,2
14,748,ЮВ,2
15,749,З,2
18,753,ЮЗ,2
21,752,ЮВ,1
22,747,Ю,2
21,745,ЮВ,2
21,740,ЮВ,3
6,755,ЮЗ,1
5,751,СЗ,2
10,752,З,2
12,749,ЮЗ,2
13,751,СЗ,1
10,744,З,3
13,749,З,4
15,746,СЗ,3
6,758,С,2
11,757,ЮЗ,4
14,749,З,3
6,755,СВ,2
5,760,З,1
11,758,ЮЗ,2
12,753,З,1
11,751,ЮЗ,2
13,753,З,1
13,755,З,1
16,752,ЮЗ,3
10,743,ЮЗ,3
11,740,З,3
7,749,С,2
3,744,В,2
-2,744,З,4
-5,753,СЗ,2
-1,755,ЮЗ,2
-2,758,ЮВ,1
2,757,ЮЗ,3
6,752,Ю,3
7,749,ЮЗ,2
14,745,ЮЗ,3
4,752,СВ,2
-1,763,С,1
0,763,Ю,1
0,758,ЮВ,1
3,754,ЮЗ,2
4,759,СЗ,3
0,766,СВ,1
1,768,ЮЗ,2
4,767,З,1
0,763,З,2
2,758,З,3
0,761,СВ,3
-10,772,СВ,2
-9,775,С,1
-4,770,СЗ,1
-3,767,СЗ,1
-4,765,С,1
-6,764,З,1
-5,761,З,1
-7,760,Ю,1
-4,758,В,3
-5,757,В,2
-4,750,В,2
-2,742,В,2
-5,753,З,1
-6,752,ЮВ,2
-5,744,СЗ,1
-3,746,З,2
1,746,ЮЗ,4
-1,749,З,3
2,752,ЮЗ,3
1,752,Ю,1
-3,753,З,2
-3,751,З,2
-4,757,С,2
-9,758,В,1
-10,761,В,3
-5,758,В,3
-5,752,ЮВ,2
0,749,ЮЗ,2
1,749,З,2
2,739,З,3
-2,742,СЗ,4
-2,752,С,1
-3,755,Ю,2
-5,756,Ю,1
-8,755,В,3
-9,751,В,2
-8,746,В,2
-7,743,СЗ,2
-6,749,СЗ,3
-7,757,С,2
-10,755,З,2
-3,735,ЮЗ,3
-2,738,ЮЗ,1
-6,749,СЗ,1
-5,751,Ю,1
-2,745,ЮЗ,3
-1,748,ЮЗ,1
-2,757,З,2
-4,760,В,1
-3,755,ЮЗ,2
-4,750,ЮЗ,2
-2,750,ЮЗ,1
-3,751,З,2
-4,742,З,4
0,751,З,2
-1,759,З,2
1,752,З,4
1,753,З,1
1,756,З,1
0,755,З,4
-1,752,З,3
1,744,ЮЗ,2
1,731,З,4
-2,734,СЗ,1
-7,743,З,3
-1,734,ЮЗ,2
-2,737,СЗ,3
-2,740,СЗ,5
-10,756,Ю,1
-8,755,В,3
-2,748,В,3
-1,744,ЮВ,2
0,745,ЮЗ,1
-1,745,В,2
1,729,ЮЗ,3
0,730,З,3
-2,739,З,3
-6,743,З,2
-7,737,С,1
-12,746,СЗ,2
-12,755,З,2
-7,749,ЮЗ,3
-5,750,Ю,2
-5,751,Ю,1
-5,748,В,1
-6,750,С,1
-5,758,ЮЗ,1
-5,764,В,1
0,758,ЮЗ,2
2,752,ЮЗ,3
1,748,ЮЗ,2
3,752,З,1
-2,761,В,2
-2,751,ЮВ,2
2,740,ЮЗ,2
0,735,В,3
1,742,З,3
3,744,Ю,3
3,744,В,2
4,744,З,2
3,752,З,3
5,757,ЮЗ,3
4,757,Ю,2
1,752,ЮВ,2
2,760,В,3
1,763,В,4
3,761,Ю,2
3,758,Ю,3
5,755,ЮЗ,1
8,753,ЮВ,1
12,747,ЮВ,3
10,741,ЮЗ,2
10,738,ЮЗ,4
1,741,З,1
2,742,Ю,1
0,749,С,1
6,755,З,3
10,758,ЮЗ,3
12,748,ЮЗ,4
4,742,С,3
0,748,З,2
-3,757,СВ,3
-2,754,СВ,2
-2,760,З,2
3,763,З,1
5,758,З,3
11,760,СВ,2
9,758,ЮВ,2
14,751,Ю,1
15,746,ЮВ,3
17,741,ЮВ,1
4,742,З,3
7,745,ЮЗ,4
12,749,Ю,2
16,748,З,3
7,749,С,2
5,749,СЗ,3
6,756,СЗ,3
9,749,З,2
17,749,ЮЗ,2
14,749,ЮЗ,4
14,746,ЮЗ,3
4,739,Ю,2
1,746,СЗ,2
15,747,Ю,2
16,742,ЮВ,4
7,741,ЮЗ,3
9,734,З,5
7,743,ЮЗ,3
10,750,З,3
15,749,ЮВ,2
10,740,ЮЗ,3
6,733,З,4
7,742,З,4
6,743,З,3
18,739,ЮЗ,5
19,743,ЮЗ,3
18,739,Ю,2
9,738,З,2
14,745,ЮЗ,3
22,744,З,4
23,746,ЮЗ,3
15,750,С,2
19,753,В,2
23,754,В,2
25,754,В,3
18,751,В,3
26,746,ЮВ,2
28,745,Ю,3
27,741,ЮВ,2
19,744,ЮЗ,3
19,744,Ю,2
21,743,ЮЗ,2
19,743,З,3
15,749,СЗ,3
11,744,Ю,2
14,745,СЗ,2
17,747,З,2
18,744,З,2
8,740,З,3
12,740,СЗ,2
18,743,З,2
16,747,З,3
18,747,В,3
16,752,З,2
19,758,ЮЗ,1
23,754,В,5
25,751,С,2
22,755,СЗ,2
26,753,В,2
29,746,В,3
24,743,З,3
23,746,З,3
16,749,СВ,1
23,747,СВ,2
17,746,В,3
26,749,ЮВ,2
22,751,ЮЗ,2
21,752,З,2
26,752,З,2
26,750,С,1
28,746,З,2
21,750,СВ,3
20,755,СВ,3
23,755,С,2
26,753,З,2
28,749,СЗ,2
26,749,СВ,3
23,752,В,2
28,748,З,2
22,747,С,2
19,750,СВ,2
20,752,С,1
16,750,З,2
16,751,С,2
20,750,СЗ,2
27,745,З,3
22,743,СЗ,3
22,743,СЗ,2
18,746,СЗ,2
22,749,СЗ,2
26,747,З,2
29,751,З,2
32,750,З,2
31,747,З,2
34,746,З,2
37,746,З,2
35,748,В,3
35,747,Ю,2
31,748,СЗ,2
28,751,СВ,2
33,749,СВ,2
34,746,В,2
35,746,В,1
30,747,З,3
23,747,СЗ,1
29,747,З,2
28,746,СЗ,3
27,746,ЮЗ,3
27,745,ЮЗ,3
29,743,З,2
29,742,З,3
26,740,СЗ,2
24,746,СЗ,3
24,750,С,2
24,752,СЗ,2
25,751,СЗ,2
28,752,З,1
28,751,СЗ,2
32,747,З,2
24,744,З,3
23,740,В,2
22,744,З,3
23,747,В,1
16,748,С,3
32,748,В,3
33,749,В,3
30,746,СЗ,2
23,746,С,3
22,742,СЗ,3
20,743,СЗ,4
23,746,СЗ,3
24,746,З,1
24,741,В,2
21,740,ЮЗ,1
18,740,СЗ,3
14,743,СЗ,3
17,740,З,2
19,743,СЗ,3
19,745,СЗ,3
19,746,З,3
18,748,С,1
18,749,СВ,1
23,748,СЗ,2
26,749,СЗ,2
28,748,З,2
29,748,СВ,1
28,746,ЮЗ,2
30,744,ЮЗ,2
21,747,ЮВ,1
22,752,СЗ,1
27,752,З,3
31,749,З,3
18,755,С,3
20,760,СВ,3
20,758,В,2
21,756,В,2
21,756,В,2
25,756,З,2
27,754,З,2
12,747,В,2
17,749,З,1
18,746,З,2
17,754,СЗ,1
19,756,З,2
13,746,З,2
15,744,СЗ,2
11,747,СЗ,4
15,752,СЗ,2
20,746,Ю,2
11,737,С,1
10,740,З,4
11,747,З,3
16,748,З,4
19,749,СЗ,4
18,756,ЮВ,1
19,759,В,2
19,761,ЮВ,1
19,764,ЮВ,1
18,764,З,1
20,762,В,1
21,761,ЮВ,1
20,761,В,1
20,761,З,1
20,760,З,2
14,762,С,2
14,765,Ю,1
14,761,З,3
18,760,ЮЗ,1
15,765,ЮВ,2
15,766,Ю,1
15,764,ЮЗ,2
15,762,Ю,2
18,758,ЮВ,2
19,757,В,1
19,755,ЮЗ,2
21,751,Ю,3
16,749,З,2
8,753,С,1
12,750,В,3
13,749,З,2
10,748,З,2
3,749,З,2
4,753,З,2
4,747,ЮВ,2
14,743,З,2
9,742,В,1
4,752,СЗ,2
4,762,С,2
5,764,Ю,2
6,761,В,2
7,756,В,2
6,753,В,1
8,756,СВ,3
8,757,В,2
7,760,В,2
7,759,В,1
4,754,З,1
6,742,ЮЗ,2
4,740,СЗ,3
7,740,З,3
2,751,З,3
1,747,СЗ,2
1,752,СЗ,4
0,755,З,3
0,756,З,2
-5,760,СВ,2
-7,767,СВ,2
-8,770,В,1
-6,773,В,1
-5,767,Ю,2
-5,765,Ю,2
-6,767,В,2
-6,763,В,2
-5,755,В,3
-1,752,Ю,2
-3,749,В,2
-4,752,СЗ,1
-5,756,Ю,1
-1,762,ЮВ,2
-2,770,В,2
-9,773,В,2
-7,771,В,3
-13,770,В,1
-12,770,З,1
-11,770,З,1
-12,771,З,1
-13,772,З,1
-6,769,С,2
-5,767,СЗ,3
-8,767,З,1
-14,768,В,2
-10,769,ЮВ,1
-15,768,В,2
-14,765,В,3
-13,762,В,2
-8,757,ЮВ,2
-7,754,ЮЗ,1
0,751,З,1
-13,761,СЗ,1
-14,767,В,1
-15,767,ЮЗ,1
-9,762,ЮЗ,2
-9,758,З,1
-9,758,З,1
-10,758,ЮЗ,1
-11,755,ЮВ,2
-3,752,З,2
-8,765,СВ,1
-9,764,Ю,1
-10,763,В,2
-9,761,В,2
-12,761,В,3
-6,762,ЮВ,1
-4,767,ЮВ,1
-6,766,ЮЗ,2
-13,764,В,3
-12,759,В,3
-8,755,В,4
-3,751,В,2
-3,741,З,3
-15,749,С,2
-17,754,В,2
-17,759,В,3
-11,749,В,3
-6,743,СВ,3
-7,740,ЮЗ,3
-14,746,З,2
-18,751,З,1
-16,746,З,2
-19,749,З,2
-14,752,З,3
-10,750,З,2
-9,755,В,2
3,757,ЮЗ,1
-2,759,ЮВ,2
-7,758,ЮВ,2
-7,756,ЮВ,2
-7,751,В,3
-3,745,ЮВ,1
-3,746,В,3
-3,747,В,2
-2,752,З,2
1,749,З,2
-6,751,В,2
2,744,Ю,2
1,735,ЮВ,3
-10,736,З,4
-18,740,З,3
-19,747,З,3
-17,757,З,2
-15,752,В,2
-10,752,В,3
-6,750,В,3
-1,743,ЮВ,2
-10,744,З,2
-15,750,З,2
-16,757,З,2
-16,756,В,2
-13,750,С,1
-15,750,З,3
-15,757,З,2
-17,752,СЗ,2
-24,756,СЗ,3
-19,761,СЗ,3
-19,757,ЮВ,1
-13,749,В,3
3,735,ЮЗ,2
-12,743,С,2
-9,752,СЗ,2
-3,741,ЮЗ,3
0,740,СЗ,2
-2,738,ЮЗ,2
-1,741,СЗ,2
-4,748,СЗ,1
-5,745,ЮЗ,3
-1,739,ЮЗ,3
-2,743,СВ,1
-12,746,СЗ,3
-10,752,З,4
-4,759,З,1
-7,762,ЮЗ,2
-5,759,Ю,3
-3,758,ЮЗ,2
-3,760,ЮВ,2
-3,754,В,4
0,743,В,2
0,738,С,2
-1,743,СЗ,2
0,743,ЮЗ,2
1,744,Ю,2
3,747,Ю,2
2,749,В,2
4,748,СВ,3
6,746,В,2
5,746,СЗ,1
4,754,СВ,3
6,761,В,2
9,764,СЗ,1
5,759,ЮЗ,4
6,752,ЮЗ,3
9,748,Ю,1
7,742,ЮВ,2
6,742,СЗ,2
8,746,ЮЗ,2
2,743,В,4
8,747,З,1
13,747,ЮВ,2
5,753,С,2
16,753,В,2
19,758,ЮВ,2
22,762,В,1
23,762,Ю,2
21,757,ЮВ,3
24,752,В,2
25,751,С,1
22,752,В,3
18,751,СВ,3
12,754,В,4
12,758,ЮВ,4
3,756,В,3
11,756,ЮВ,3
15,754,В,2
10,746,ЮВ,1
8,749,ЮЗ,3
15,749,З,3
8,746,ЮЗ,2
12,748,ЮЗ,5
14,752,З,3
16,755,З,2
16,749,Ю,2
18,751,З,2
24,749,Ю,2
26,740,ЮЗ,3
11,745,З,3
21,751,З,3
22,749,ЮЗ,3
22,749,З,2
25,747,Ю,3
26,750,В,2
25,756,В,3
23,756,ЮВ,3
28,755,В,3
32,753,Ю,4
33,753,Ю,2
33,751,ЮЗ,3
33,750,Ю,2
33,749,СЗ,2
31,748,В,2
19,748,В,2
26,750,З,2
34,746,ЮЗ,3
35,746,Ю,2
24,749,СЗ,3
24,748,СЗ,3
23,752,С,2
24,753,С,1
29,748,СВ,2
26,743,В,1
28,741,З,2
16,746,СВ,3
23,746,СЗ,2
21,747,С,2
19,746,СВ,2
13,750,В,4
22,752,В,3
25,748,В,2
26,746,В,2
28,745,С,1
28,744,СЗ,1
22,746,СВ,2
25,747,В,2
21,747,З,2
27,748,ЮВ,1
29,749,СВ,2
29,747,В,2
29,744,ЮЗ,3
25,749,СЗ,2
22,755,С,3
25,756,ЮЗ,3
31,753,СЗ,2
32,754,З,2
33,754,ЮЗ,2
34,752,СЗ,2
26,752,СЗ,1
34,749,ЮЗ,1
35,746,СЗ,2
33,747,З,1
34,747,З,2
36,743,В,3
31,744,З,3
28,744,З,2
26,743,ЮЗ,1
29,743,СЗ,1
27,743,С,2
22,746,СВ,2
26,747,В,2
27,752,СВ,3
29,750,С,2
32,749,С,2
33,746,СЗ,2
27,746,С,2
26,749,С,3
30,748,СЗ,2
30,748,С,1
30,744,В,1
32,743,ЮЗ,1
33,743,З,2
34,743,З,2
25,742,З,5
30,742,З,2
21,739,СЗ,3
24,741,С,1
26,744,СЗ,3
23,753,СЗ,2
24,755,З,2
27,750,З,3
26,749,СЗ,2
23,746,В,1
29,743,З,3
30,743,ЮЗ,3
32,748,ЮЗ,3
34,748,ЮЗ,2
37,746,ЮЗ,2
34,745,З,2
27,749,СЗ,2
28,749,З,2
30,750,В,1
30,753,З,2
32,751,СЗ,2
30,750,СВ,3
32,752,ЮВ,2
32,752,Ю,2
32,751,Ю,2
28,752,В,2
35,750,ЮЗ,2
34,751,З,2
34,749,З,2
38,749,СЗ,2
39,749,ЮВ,1
38,749,Ю,2
35,747,ЮЗ,3
29,750,СЗ,2
35,746,В,1
26,747,СЗ,4
26,750,С,2
25,752,С,2
23,751,СВ,2
22,752,СЗ,2
24,753,З,2
28,750,З,2
30,744,ЮЗ,3
17,741,Ю,1
16,734,З,1
14,740,З,3
15,749,ЮЗ,3
13,752,С,1
15,755,З,3
17,752,З,3
16,746,З,4
16,745,З,1
16,752,С,2
21,750,ЮЗ,2
24,747,З,2
25,743,З,3
17,743,З,4
13,746,З,3
9,749,З,2
11,752,СЗ,3
12,756,С,1
13,756,В,2
11,752,В,4
10,752,В,2
9,753,В,3
8,749,В,2
14,744,С,1
15,743,В,1
12,744,В,3
10,754,СВ,4
9,758,СВ,3
10,759,З,1
13,761,З,2
11,761,С,1
10,761,С,1
11,764,СВ,2
9,770,Ю,1
9,770,С,1
10,770,З,2
13,767,З,2
14,761,С,2
14,760,СЗ,1
12,759,З,1
14,758,В,1
16,758,ЮВ,2
14,757,ЮВ,2
10,754,З,3
11,755,З,2
9,745,В,2
7,746,СЗ,1
4,749,СЗ,3
3,744,ЮЗ,3
9,748,З,2
4,752,СЗ,2
3,757,ЮЗ,3
8,753,ЮЗ,2
8,749,ЮЗ,2
2,758,СЗ,1
7,757,З,2
11,756,З,2
10,755,З,2
6,758,В,2
2,764,В,2
1,767,В,2
2,765,ЮВ,1
6,756,Ю,2
6,747,ЮЗ,3
5,750,ЮВ,2
8,744,З,2
-3,757,СЗ,2
-1,757,ЮЗ,2
0,747,Ю,2
-1,745,СЗ,2
0,757,СЗ,2
-5,755,СВ,1
-5,756,ЮЗ,3
0,758,ЮЗ,1
-3,751,ЮВ,2
0,734,Ю,2
1,731,З,2
1,737,ЮЗ,2
-4,748,З,2
-7,752,ЮЗ,1
-1,747,ЮЗ,3
1,754,ЮЗ,2
-1,756,ЮВ,1
-1,750,ЮВ,2
1,751,В,2
2,735,Ю,2
2,729,В,1
-1,741,ЮЗ,2
2,746,ЮЗ,2
4,744,Ю,2
-4,757,СВ,1
-10,762,В,3
0,758,В,1
-2,754,В,3
-2,755,С,2
-7,762,СВ,1
-4,769,В,1
-7,767,В,2
-4,761,Ю,2
-5,757,Ю,1
-3,749,ЮЗ,1
-2,746,ЮЗ,1
-2,743,В,1
-3,737,ЮЗ,2
0,734,ЮЗ,1
-2,739,З,1
-13,743,В,1
-19,748,З,1
-21,755,ЮЗ,1
-13,751,В,4
-11,750,З,2
-20,762,ЮВ,1
-12,757,В,2
-8,751,В,2
-4,743,Ю,1
-3,734,З,2
-11,740,З,2
-15,741,В,2
-16,749,З,1
-7,741,В,2
0,739,ЮЗ,2
-8,753,З,2
-11,762,В,2
-12,755,В,2
-8,752,В,1
-7,755,В,2
-9,749,В,3
-15,728,Ю,2
-10,719,СЗ,3
-6,736,З,2
-6,743,ЮЗ,2
-2,744,Ю,2
-5,749,ЮВ,2
-9,752,В,1
-11,752,В,1
-7,754,В,3
-10,761,В,3
-11,763,В,2
-14,758,В,2
-11,750,ЮЗ,1
-7,751,В,2
-12,747,В,1
-2,740,В,1
-3,745,В,3
0,744,Ю,2
-2,750,Ю,1
0,748,Ю,2
-2,742,В,2
-3,743,З,1
-5,747,З,1
-5,751,Ю,1
-2,751,ЮВ,2
-6,746,В,3
-1,746,З,2
1,748,З,1
-4,749,ЮЗ,3
-2,755,Ю,1
-4,754,ЮЗ,2
-7,757,З,1
-11,753,В,2
-5,749,В,3
-5,749,ЮВ,2
1,740,ЮЗ,3
1,744,З,2
0,747,Ю,1
1,746,ЮЗ,3
1,755,ЮЗ,1
-2,760,В,2
-1,755,В,2
1,755,В,3
2,758,В,2
1,758,СЗ,1
-5,758,В,1
-5,750,В,1
-2,742,СВ,2
-2,730,СВ,3
-9,740,СЗ,3
-7,749,В,2
-7,752,СВ,2
-6,756,СВ,2
-7,755,СВ,3
-7,754,СВ,2
-5,755,З,1
-8,752,В,1
-6,756,В,4
-8,760,В,4
-3,764,С,2
0,766,СВ,2
2,766,З,1
5,755,З,1
0,749,С,2
5,758,СЗ,2
7,755,З,2
6,752,З,2
7,751,З,1
5,743,Ю,2
1,732,ЮЗ,2
-3,742,СЗ,2
5,737,З,4
4,743,ЮЗ,2
1,749,В,1
7,748,ЮЗ,1
9,743,Ю,1
11,737,ЮЗ,3
5,735,ЮЗ,4
4,747,ЮЗ,3
7,746,Ю,3
8,749,ЮЗ,2
16,749,ЮВ,2
8,746,В,2
11,749,В,1
16,749,В,2
14,747,СВ,2
15,746,В,3
11,743,ЮВ,2
5,743,З,2
11,752,З,1
16,751,Ю,1
18,752,ЮВ,1
21,752,Ю,1
17,749,СВ,1
9,751,СВ,2
15,750,СВ,3
13,749,В,2
14,751,ЮЗ,1
19,750,З,2
23,748,Ю,3
17,748,З,2
14,751,СЗ,2
10,756,СЗ,2
8,752,СЗ,3
13,753,ЮЗ,2
17,749,З,2
19,745,ЮЗ,3
7,750,СЗ,3
11,759,СЗ,2
15,761,ЮЗ,1
18,756,ЮЗ,1
19,748,В,2
9,737,СЗ,2
12,745,Ю,3
10,740,СЗ,2
16,738,З,2
17,742,ЮЗ,2
16,740,ЮЗ,2
17,739,З,2
14,740,З,2
11,740,З,2
12,745,З,2
12,743,С,1
10,743,СЗ,4
14,737,З,2
13,737,ЮЗ,2
16,742,ЮЗ,3
11,746,З,2
16,748,ЮЗ,3
19,740,ЮЗ,2
19,743,Ю,1
19,751,ЮЗ,2
21,753,С,1
23,755,СЗ,2
23,755,СВ,2
25,756,З,2
27,753,ЮЗ,2
24,748,Ю,1
16,742,СВ,2
15,741,З,4
12,743,З,3
17,744,СЗ,2
26,745,СЗ,2
25,745,С,2
19,746,СЗ,2
21,748,З,2
26,749,З,2
28,749,З,2
25,747,В,1
23,746,СЗ,1
25,746,ЮЗ,2
23,746,СЗ,2
21,740,З,3
22,740,ЮЗ,3
28,737,З,2
24,743,С,2
23,743,СВ,3
27,746,СЗ,3
23,749,СЗ,3
26,749,З,3
19,749,С,2
17,750,С,1
22,745,З,3
15,745,В,1
25,746,СВ,3
21,744,СВ,3
21,744,С,2
20,749,С,2
25,750,З,3
29,750,З,2
30,751,Ю,1
30,749,СЗ,2
31,749,СВ,1
32,751,В,2
27,753,ЮЗ,3
31,750,В,2
27,745,В,3
25,743,З,4
27,749,ЮЗ,2
28,749,З,2
31,746,В,3
23,747,ЮЗ,3
22,746,ЮЗ,2
26,743,В,3
26,745,В,1
26,746,СЗ,1
30,743,СВ,2
19,742,ЮЗ,1
28,743,З,2
30,746,СЗ,3
29,748,СЗ,3
27,749,СВ,2
28,749,З,2
26,749,СЗ,2
28,748,СЗ,2
27,749,С,2
28,751,С,2
30,753,СВ,1
31,754,СЗ,1
30,754,В,2
31,752,З,2
32,752,С,2
30,752,С,1
32,751,З,2
29,753,С,2
27,755,З,2
29,752,СЗ,2
29,752,С,1
27,754,СВ,3
28,755,СВ,3
29,753,В,2
27,754,СВ,2
25,760,В,3
26,761,В,2
30,758,СВ,3
30,758,В,3
32,760,В,1
32,759,СВ,3
31,757,СВ,2
32,755,З,2
32,755,В,1
32,755,С,1
32,753,В,2
34,748,ЮЗ,3
31,745,З,1
25,746,З,1
21,748,З,3
17,755,З,2
13,752,С,1
14,747,З,3
10,745,В,1
14,749,ЮЗ,3
13,749,ЮЗ,4
13,749,СЗ,3
12,754,СЗ,2
13,755,З,2
14,755,В,2
18,752,В,2
18,748,В,2
16,743,ЮВ,1
18,743,Ю,1
20,742,Ю,1
21,748,В,2
27,746,Ю,2
16,751,З,1
17,749,В,2
26,748,В,1
24,743,В,3
17,745,ЮЗ,3
11,746,З,2
13,752,З,1
10,748,В,4
12,746,В,1
11,755,СВ,1
14,756,В,2
16,751,ЮВ,2
19,752,ЮВ,3
15,757,В,3
8,755,В,2
11,751,З,3
11,750,ЮЗ,2
15,757,З,1
16,757,ЮЗ,2
17,754,В,1
10,749,В,2
11,747,СВ,2
12,747,СЗ,2
7,752,З,2
7,756,З,2
10,761,З,1
10,761,ЮЗ,2
8,752,ЮЗ,3
10,743,В,1
8,746,СВ,2
7,747,СЗ,2
5,755,СЗ,1
3,756,Ю,1
6,746,Ю,2
3,749,СЗ,1
3,758,СВ,1
4,760,ЮВ,2
3,756,В,2
3,752,Ю,1
4,737,Ю,2
3,737,З,1
1,737,СЗ,3
0,735,СЗ,3
1,741,С,1
2,748,З,1
3,752,З,2
2,758,З,1
1,757,ЮЗ,2
5,755,ЮЗ,3
6,756,ЮЗ,3
6,756,ЮЗ,5
6,745,ЮЗ,4
6,728,З,4
-2,740,СЗ,5
-4,747,СЗ,3
-2,749,З,1
-2,749,В,4
0,746,В,3
1,752,С,1
0,752,В,2
-2,753,В,1
-1,753,В,3
0,744,В,1
1,748,З,1
1,758,В,2
-4,764,В,3
-7,764,СВ,3
-5,767,СВ,2
-7,770,СВ,2
-10,770,С,1
-7,769,СЗ,1
-10,773,В,2
-12,776,В,1
-10,776,СЗ,2
-12,768,С,1
-10,767,В,1
-13,769,В,2
-13,768,В,2
-10,765,В,1
-7,761,ЮВ,3
-6,759,ЮВ,2
-6,759,ЮВ,2
-6,760,В,3
-5,756,В,3
-5,760,В,1
-4,758,В,1
-3,759,В,2
1,751,ЮЗ,1
-6,753,З,3
-8,755,З,2
-5,755,В,2
-2,752,Ю,3
1,752,Ю,2
-2,755,Ю,2
-7,755,ЮВ,2
-4,758,С,1
-3,758,СВ,1
-6,753,В,2
-7,751,В,1
-6,755,В,1
-3,751,В,3
0,750,ЮЗ,1
2,737,СЗ,4
-1,747,З,2
-2,739,СЗ,1
-6,743,Ю,2
-13,739,СЗ,3
-24,749,СЗ,2
-22,754,СЗ,4
-25,766,СЗ,1
-23,775,З,1
-21,777,ЮЗ,1
-15,772,Ю,1
-14,768,В,1
-12,768,ЮВ,2
-10,767,В,2
-12,763,В,4
-12,764,В,3
-10,766,В,2
-9,767,В,3
-10,770,В,2
-9,773,В,2
-7,773,В,2
-7,771,З,2
-6,767,З,1
-7,761,ЮЗ,1
-3,757,З,3
-5,755,ЮЗ,3
-6,756,З,1
-9,753,ЮЗ,1
-4,749,ЮВ,3
-2,749,Ю,2
-8,752,В,2
-5,752,ЮВ,1
-7,752,В,2
-7,753,В,2
-6,755,З,1
-6,758,З,1
-9,764,С,1
-9,764,З,1
-6,762,СЗ,1
-7,760,З,3
-4,755,ЮЗ,2
-6,752,ЮВ,3
-3,749,ЮВ,3
-7,746,В,3
-8,746,СВ,3
-2,752,В,3
-5,751,С,1
-6,747,В,1
-12,743,СВ,3
-10,739,В,2
-3,733,ЮВ,1
-4,728,СЗ,1
-11,738,З,2
-10,749,ЮЗ,3
-3,749,Ю,2
1,750,ЮВ,2
3,749,ЮЗ,3
-2,745,ЮЗ,3
-3,737,З,2
-4,740,ЮЗ,3
-2,741,ЮЗ,4
0,738,ЮЗ,2
0,733,ЮЗ,1
1,741,ЮЗ,2
-1,746,ЮЗ,3
1,747,ЮЗ,2
2,746,Ю,3
4,740,Ю,2
2,751,СВ,1
4,748,В,3
2,747,З,1
2,758,ЮЗ,3
5,760,Ю,2
7,755,В,3
10,752,ЮВ,2
1,758,С,3
2,759,В,3
1,756,ЮВ,2
11,750,Ю,2
10,748,ЮЗ,2
9,752,ЮЗ,2
14,747,Ю,3
13,746,ЮЗ,2
18,745,ЮЗ,3
16,740,ЮЗ,3
13,746,СЗ,2
10,749,В,4
12,748,В,3
6,746,ЮВ,1
10,750,Ю,3
16,749,В,3
16,750,ЮВ,2
18,751,ЮВ,2
19,749,С,1
17,749,С,2
10,755,В,3
10,758,В,3
13,758,В,2
15,754,С,2
16,754,З,2
18,751,В,2
20,745,СВ,3
7,746,СВ,5
7,755,С,4
13,757,СЗ,3
13,761,З,2
16,759,З,2
18,757,ЮЗ,2
18,752,ЮЗ,2
16,747,С,2
12,741,СЗ,2
18,749,З,2
21,754,ЮЗ,2
18,752,В,1
18,746,ЮЗ,3
22,748,ЮЗ,2
23,749,СЗ,2
25,750,В,2
27,748,В,2
30,745,ЮВ,3
21,749,СЗ,2
19,753,С,1
17,755,З,1
23,752,Ю,2
11,749,СЗ,3
11,755,СЗ,2
11,757,С,2
14,756,СВ,2
18,751,СВ,2
19,751,ЮЗ,1
11,746,СВ,3
21,749,СЗ,2
18,750,С,3
19,751,СЗ,2
25,752,С,2
23,751,СВ,4
21,752,С,2
19,754,СВ,2
25,756,СВ,3
27,756,В,3
28,755,В,3
29,755,В,3
31,754,Ю,3
30,751,ЮВ,2
27,749,СВ,1
30,746,Ю,3
25,752,З,2
28,749,В,2
29,743,З,3
25,746,З,3
26,742,С,2
26,748,ЮЗ,2
24,749,С,2
21,751,С,2
20,749,СЗ,2
21,751,СЗ,2
24,751,З,3
24,751,ЮЗ,2
18,751,СВ,2
16,755,С,2
13,754,С,3
21,753,СВ,3
23,750,СВ,2
24,747,СВ,3
21,744,С,2
28,742,СВ,3
20,745,С,4
15,747,СЗ,3
17,744,СЗ,1
16,746,СЗ,3
16,750,СЗ,2
17,749,СЗ,2
20,748,ЮВ,1
20,744,С,2
22,746,С,2
24,747,С,1
23,747,ЮЗ,2
28,745,ЮВ,1
31,738,ЮВ,2
23,738,СЗ,2
28,744,ЮЗ,3
29,749,З,1
31,751,С,1
30,752,З,2
31,752,СЗ,2
32,749,ЮВ,1
33,743,В,3
35,738,ЮВ,2
29,737,ЮВ,2
19,744,З,3
17,744,З,2
21,743,З,3
24,740,ЮВ,2
16,740,СВ,2
17,742,СЗ,2
20,739,З,2
20,737,ЮЗ,2
23,742,ЮЗ,3
25,746,ЮЗ,3
24,746,З,2
24,747,З,2
25,744,ЮЗ,2
27,745,З,2
30,746,З,3
32,746,ЮЗ,2
35,745,З,2
34,740,ЮВ,3
26,741,Ю,2
22,745,З,3
28,746,СЗ,2
29,747,ЮЗ,2
25,747,З,1
30,748,ЮЗ,2
33,749,ЮЗ,2
30,750,С,2
29,748,СВ,2
30,745,С,2
29,749,С,2
32,753,З,3
31,755,С,2
29,755,В,1
30,755,В,2
27,752,В,1
28,749,СЗ,2
22,749,С,1
30,749,СВ,3
33,752,ЮВ,2
31,752,С,1
27,751,СЗ,1
25,746,СЗ,2
16,744,СВ,1
21,743,З,2
15,746,СВ,2
18,746,ЮЗ,1
16,747,З,2
17,743,ЮЗ,3
13,740,СЗ,4
20,743,СЗ,3
20,746,СЗ,3
21,748,СЗ,4
24,749,СЗ,2
23,751,С,2
24,753,С,1
24,753,ЮЗ,2
22,753,СЗ,1
25,748,ЮЗ,2
16,746,З,3
15,746,З,2
10,745,ЮЗ,4
20,745,С,2
11,746,СЗ,1
16,751,С,2
20,754,В,2
22,753,В,2
21,754,В,1
22,753,З,2
23,755,С,2
22,752,СЗ,2
19,753,С,2
19,757,З,2
24,757,З,2
25,759,ЮЗ,3
26,761,З,1
26,761,З,1
25,758,З,3
21,759,С,2
19,758,СЗ,2
18,758,З,1
20,751,СЗ,2
17,754,С,1
